dh_ft,rvr_floor_ft,saturated,k,perm_k,ground_truth,structural_kink
300.0,3770.28,0,4,0.0,-0.570952,0
298.0,3732.12,0,4,0.0,-0.555051,0
296.0,3693.96,0,4,0.0,-0.53915,0
294.0,3655.8,0,4,0.0,-0.523249,0
292.0,3617.64,0,4,0.0,-0.507348,0
290.0,3579.47,0,4,0.0,-0.491447,0
288.0,3541.31,0,4,0.0,-0.475546,0
286.0,3503.15,0,4,0.0,-0.459645,0
284.0,3464.99,0,4,0.0,-0.443744,0
282.0,3426.82,0,4,0.0,-0.427843,0
280.0,3388.66,0,4,0.0,-0.411942,0
278.0,3350.5,0,4,0.0,-0.396041,0
276.0,3312.34,0,4,0.0,-0.38014,0
274.0,3274.17,0,4,0.0,-0.364239,0
272.0,3236.01,0,4,0.0,-0.348338,0
270.0,3197.85,0,4,0.0,-0.332438,0
268.0,3159.69,0,4,0.0,-0.316537,0
266.0,3121.53,0,4,0.0,-0.300636,0
264.0,3083.36,0,4,0.0,-0.284735,0
262.0,3045.2,0,4,0.0,-0.268834,0
260.0,3007.04,0,4,0.0,-0.252933,0
258.0,2968.88,0,4,0.0,-0.237032,0
256.0,2930.71,0,4,0.0,-0.221131,0
254.0,2892.55,0,4,0.0,-0.20523,0
252.0,2854.39,0,4,0.0,-0.189329,0
250.0,2816.23,0,4,0.0,-0.173428,0
248.0,2778.07,0,4,0.0,-0.157527,0
246.0,2739.9,0,4,0.0,-0.141626,0
244.0,2701.74,0,4,0.0,-0.125725,0
242.0,2663.58,0,4,0.0,-0.109824,0
240.0,2625.42,0,4,0.0,-0.093923,0
238.0,2587.25,0,4,0.0,-0.078022,0
236.0,2549.09,0,4,0.0,-0.062121,0
234.0,2510.93,0,4,0.0,-0.04622,0
232.0,2472.77,0,4,0.0,-0.03032,0
230.0,2434.6,0,4,0.0,-0.014419,0
228.0,2396.44,0,4,0.25,0.001482,0
226.0,2358.28,0,4,0.25,0.017383,0
224.0,2320.12,0,4,0.25,0.033284,0
222.0,2281.96,0,4,0.25,0.049185,0
220.0,2243.79,0,4,0.25,0.065086,0
218.0,2205.63,0,4,0.25,0.080987,0
216.0,2167.47,0,4,0.25,0.096888,0
214.0,2129.31,0,4,0.25,0.112789,0
212.0,2091.14,0,4,0.25,0.12869,0
210.0,2052.98,0,4,0.25,0.144591,0
208.0,2014.82,0,4,0.25,0.160492,0
206.0,1976.66,0,4,0.25,0.176393,0
204.0,1938.5,0,4,0.25,0.192294,0
202.0,1900.33,0,4,0.25,0.208195,0
200.0,1862.17,0,4,0.25,0.224096,0
198.0,1824.01,0,4,0.25,0.239997,0
196.0,1785.85,0,4,0.25,0.255898,0
194.0,1747.68,0,4,0.25,0.271798,0
192.0,1709.52,0,4,0.25,0.287699,0
190.0,1671.36,0,4,0.25,0.3036,0
188.0,1633.2,0,4,0.25,0.319501,0
186.0,1595.03,0,4,0.5,0.335402,0
184.0,1556.87,0,4,0.5,0.351303,0
182.0,1518.71,0,4,0.5,0.367204,0
180.0,1480.55,0,4,0.5,0.383105,0
178.0,1442.39,0,4,0.5,0.399006,0
176.0,1404.22,0,4,0.5,0.414907,0
174.0,1366.06,0,4,0.5,0.430808,0
172.0,1327.9,0,4,0.5,0.446709,0
170.0,1289.74,0,4,0.5,0.46261,0
168.0,1251.57,0,4,0.5,0.478511,0
166.0,1213.41,0,4,0.5,0.494412,0
164.0,1175.25,0,4,0.5,0.510313,0
162.0,1137.09,0,4,0.5,0.526214,0
160.0,1098.93,0,4,0.5,0.542115,0
158.0,1060.76,0,4,0.5,0.558016,0
156.0,1022.6,0,4,0.5,0.573916,0
154.0,984.44,0,4,0.5,0.589817,0
152.0,946.28,0,4,0.5,0.605718,0
150.0,908.11,0,4,0.5,0.621619,0
148.0,869.95,0,4,0.5,0.63752,0
146.0,831.79,0,4,0.5,0.653421,0
144.0,793.63,0,4,0.75,0.669322,0
142.0,755.46,0,4,0.75,0.685223,0
140.0,717.3,0,4,0.75,0.701124,0
138.0,679.14,0,4,0.75,0.717025,0
136.0,640.98,0,4,0.75,0.732926,0
134.0,602.82,0,4,0.75,0.748827,0
132.0,564.65,0,4,0.75,0.764728,0
130.0,526.49,0,4,0.75,0.780629,0
128.0,488.33,0,4,0.75,0.79653,0
126.0,450.17,0,4,0.75,0.812431,0
124.0,412.0,0,4,0.75,0.828332,0
122.0,373.84,0,4,0.75,0.844233,0
120.0,335.68,0,4,0.75,0.860134,0
118.0,297.52,0,4,0.75,0.876034,0
116.0,259.36,0,4,0.75,0.891935,0
114.0,221.19,0,4,0.75,0.907836,0
112.0,183.03,0,4,0.75,0.923737,0
110.0,144.87,0,4,0.75,0.939638,0
108.0,106.71,0,4,0.75,0.955539,0
106.0,68.54,0,4,0.75,0.97144,0
104.0,30.38,0,4,0.75,0.987341,0
102.0,0.0,1,4,1.0,1.0,1
100.0,0.0,1,4,1.0,1.0,1
98.0,0.0,1,4,1.0,1.0,1
96.0,0.0,1,4,1.0,1.0,1
94.0,0.0,1,4,1.0,1.0,1
92.0,0.0,1,4,1.0,1.0,1
90.0,0.0,1,4,1.0,1.0,1
88.0,0.0,1,4,1.0,1.0,1
86.0,0.0,1,4,1.0,1.0,1
84.0,0.0,1,4,1.0,1.0,1
82.0,0.0,1,4,1.0,1.0,1
80.0,0.0,1,4,1.0,1.0,1
78.0,0.0,1,4,1.0,1.0,1
76.0,0.0,1,4,1.0,1.0,1
74.0,0.0,1,4,1.0,1.0,1
72.0,0.0,1,4,1.0,1.0,1
70.0,0.0,1,4,1.0,1.0,1
68.0,0.0,1,4,1.0,1.0,1
66.0,0.0,1,4,1.0,1.0,1
64.0,0.0,1,4,1.0,1.0,1
62.0,0.0,1,4,1.0,1.0,1
60.0,0.0,1,4,1.0,1.0,1
58.0,0.0,1,4,1.0,1.0,1
56.0,0.0,1,4,1.0,1.0,1
54.0,0.0,1,4,1.0,1.0,1
52.0,0.0,1,4,1.0,1.0,1
50.0,0.0,1,4,1.0,1.0,1
300.0,3770.28,0,8,0.0,-0.570952,0
298.0,3732.12,0,8,0.0,-0.555051,0
296.0,3693.96,0,8,0.0,-0.53915,0
294.0,3655.8,0,8,0.0,-0.523249,0
292.0,3617.64,0,8,0.0,-0.507348,0
290.0,3579.47,0,8,0.0,-0.491447,0
288.0,3541.31,0,8,0.0,-0.475546,0
286.0,3503.15,0,8,0.0,-0.459645,0
284.0,3464.99,0,8,0.0,-0.443744,0
282.0,3426.82,0,8,0.0,-0.427843,0
280.0,3388.66,0,8,0.0,-0.411942,0
278.0,3350.5,0,8,0.0,-0.396041,0
276.0,3312.34,0,8,0.0,-0.38014,0
274.0,3274.17,0,8,0.0,-0.364239,0
272.0,3236.01,0,8,0.0,-0.348338,0
270.0,3197.85,0,8,0.0,-0.332438,0
268.0,3159.69,0,8,0.0,-0.316537,0
266.0,3121.53,0,8,0.0,-0.300636,0
264.0,3083.36,0,8,0.0,-0.284735,0
262.0,3045.2,0,8,0.0,-0.268834,0
260.0,3007.04,0,8,0.0,-0.252933,0
258.0,2968.88,0,8,0.0,-0.237032,0
256.0,2930.71,0,8,0.0,-0.221131,0
254.0,2892.55,0,8,0.0,-0.20523,0
252.0,2854.39,0,8,0.0,-0.189329,0
250.0,2816.23,0,8,0.0,-0.173428,0
248.0,2778.07,0,8,0.0,-0.157527,0
246.0,2739.9,0,8,0.0,-0.141626,0
244.0,2701.74,0,8,0.0,-0.125725,0
242.0,2663.58,0,8,0.0,-0.109824,0
240.0,2625.42,0,8,0.0,-0.093923,0
238.0,2587.25,0,8,0.0,-0.078022,0
236.0,2549.09,0,8,0.0,-0.062121,0
234.0,2510.93,0,8,0.0,-0.04622,0
232.0,2472.77,0,8,0.0,-0.03032,0
230.0,2434.6,0,8,0.0,-0.014419,0
228.0,2396.44,0,8,0.125,0.001482,0
226.0,2358.28,0,8,0.125,0.017383,0
224.0,2320.12,0,8,0.125,0.033284,0
222.0,2281.96,0,8,0.125,0.049185,0
220.0,2243.79,0,8,0.125,0.065086,0
218.0,2205.63,0,8,0.125,0.080987,0
216.0,2167.47,0,8,0.125,0.096888,0
214.0,2129.31,0,8,0.125,0.112789,0
212.0,2091.14,0,8,0.125,0.12869,0
210.0,2052.98,0,8,0.25,0.144591,0
208.0,2014.82,0,8,0.25,0.160492,0
206.0,1976.66,0,8,0.25,0.176393,0
204.0,1938.5,0,8,0.25,0.192294,0
202.0,1900.33,0,8,0.25,0.208195,0
200.0,1862.17,0,8,0.25,0.224096,0
198.0,1824.01,0,8,0.25,0.239997,0
196.0,1785.85,0,8,0.25,0.255898,0
194.0,1747.68,0,8,0.25,0.271798,0
192.0,1709.52,0,8,0.375,0.287699,0
190.0,1671.36,0,8,0.375,0.3036,0
188.0,1633.2,0,8,0.375,0.319501,0
186.0,1595.03,0,8,0.375,0.335402,0
184.0,1556.87,0,8,0.375,0.351303,0
182.0,1518.71,0,8,0.375,0.367204,0
180.0,1480.55,0,8,0.375,0.383105,0
178.0,1442.39,0,8,0.375,0.399006,0
176.0,1404.22,0,8,0.375,0.414907,0
174.0,1366.06,0,8,0.5,0.430808,0
172.0,1327.9,0,8,0.5,0.446709,0
170.0,1289.74,0,8,0.5,0.46261,0
168.0,1251.57,0,8,0.5,0.478511,0
166.0,1213.41,0,8,0.5,0.494412,0
164.0,1175.25,0,8,0.5,0.510313,0
162.0,1137.09,0,8,0.5,0.526214,0
160.0,1098.93,0,8,0.5,0.542115,0
158.0,1060.76,0,8,0.5,0.558016,0
156.0,1022.6,0,8,0.625,0.573916,0
154.0,984.44,0,8,0.625,0.589817,0
152.0,946.28,0,8,0.625,0.605718,0
150.0,908.11,0,8,0.625,0.621619,0
148.0,869.95,0,8,0.625,0.63752,0
146.0,831.79,0,8,0.625,0.653421,0
144.0,793.63,0,8,0.625,0.669322,0
142.0,755.46,0,8,0.625,0.685223,0
140.0,717.3,0,8,0.625,0.701124,0
138.0,679.14,0,8,0.75,0.717025,0
136.0,640.98,0,8,0.75,0.732926,0
134.0,602.82,0,8,0.75,0.748827,0
132.0,564.65,0,8,0.75,0.764728,0
130.0,526.49,0,8,0.75,0.780629,0
128.0,488.33,0,8,0.75,0.79653,0
126.0,450.17,0,8,0.75,0.812431,0
124.0,412.0,0,8,0.75,0.828332,0
122.0,373.84,0,8,0.75,0.844233,0
120.0,335.68,0,8,0.875,0.860134,0
118.0,297.52,0,8,0.875,0.876034,0
116.0,259.36,0,8,0.875,0.891935,0
114.0,221.19,0,8,0.875,0.907836,0
112.0,183.03,0,8,0.875,0.923737,0
110.0,144.87,0,8,0.875,0.939638,0
108.0,106.71,0,8,0.875,0.955539,0
106.0,68.54,0,8,0.875,0.97144,0
104.0,30.38,0,8,0.875,0.987341,0
102.0,0.0,1,8,1.0,1.0,1
100.0,0.0,1,8,1.0,1.0,1
98.0,0.0,1,8,1.0,1.0,1
96.0,0.0,1,8,1.0,1.0,1
94.0,0.0,1,8,1.0,1.0,1
92.0,0.0,1,8,1.0,1.0,1
90.0,0.0,1,8,1.0,1.0,1
88.0,0.0,1,8,1.0,1.0,1
86.0,0.0,1,8,1.0,1.0,1
84.0,0.0,1,8,1.0,1.0,1
82.0,0.0,1,8,1.0,1.0,1
80.0,0.0,1,8,1.0,1.0,1
78.0,0.0,1,8,1.0,1.0,1
76.0,0.0,1,8,1.0,1.0,1
74.0,0.0,1,8,1.0,1.0,1
72.0,0.0,1,8,1.0,1.0,1
70.0,0.0,1,8,1.0,1.0,1
68.0,0.0,1,8,1.0,1.0,1
66.0,0.0,1,8,1.0,1.0,1
64.0,0.0,1,8,1.0,1.0,1
62.0,0.0,1,8,1.0,1.0,1
60.0,0.0,1,8,1.0,1.0,1
58.0,0.0,1,8,1.0,1.0,1
56.0,0.0,1,8,1.0,1.0,1
54.0,0.0,1,8,1.0,1.0,1
52.0,0.0,1,8,1.0,1.0,1
50.0,0.0,1,8,1.0,1.0,1
300.0,3770.28,0,16,0.0,-0.570952,0
298.0,3732.12,0,16,0.0,-0.555051,0
296.0,3693.96,0,16,0.0,-0.53915,0
294.0,3655.8,0,16,0.0,-0.523249,0
292.0,3617.64,0,16,0.0,-0.507348,0
290.0,3579.47,0,16,0.0,-0.491447,0
288.0,3541.31,0,16,0.0,-0.475546,0
286.0,3503.15,0,16,0.0,-0.459645,0
284.0,3464.99,0,16,0.0,-0.443744,0
282.0,3426.82,0,16,0.0,-0.427843,0
280.0,3388.66,0,16,0.0,-0.411942,0
278.0,3350.5,0,16,0.0,-0.396041,0
276.0,3312.34,0,16,0.0,-0.38014,0
274.0,3274.17,0,16,0.0,-0.364239,0
272.0,3236.01,0,16,0.0,-0.348338,0
270.0,3197.85,0,16,0.0,-0.332438,0
268.0,3159.69,0,16,0.0,-0.316537,0
266.0,3121.53,0,16,0.0,-0.300636,0
264.0,3083.36,0,16,0.0,-0.284735,0
262.0,3045.2,0,16,0.0,-0.268834,0
260.0,3007.04,0,16,0.0,-0.252933,0
258.0,2968.88,0,16,0.0,-0.237032,0
256.0,2930.71,0,16,0.0,-0.221131,0
254.0,2892.55,0,16,0.0,-0.20523,0
252.0,2854.39,0,16,0.0,-0.189329,0
250.0,2816.23,0,16,0.0,-0.173428,0
248.0,2778.07,0,16,0.0,-0.157527,0
246.0,2739.9,0,16,0.0,-0.141626,0
244.0,2701.74,0,16,0.0,-0.125725,0
242.0,2663.58,0,16,0.0,-0.109824,0
240.0,2625.42,0,16,0.0,-0.093923,0
238.0,2587.25,0,16,0.0,-0.078022,0
236.0,2549.09,0,16,0.0,-0.062121,0
234.0,2510.93,0,16,0.0,-0.04622,0
232.0,2472.77,0,16,0.0,-0.03032,0
230.0,2434.6,0,16,0.0,-0.014419,0
228.0,2396.44,0,16,0.0625,0.001482,0
226.0,2358.28,0,16,0.0625,0.017383,0
224.0,2320.12,0,16,0.0625,0.033284,0
222.0,2281.96,0,16,0.0625,0.049185,0
220.0,2243.79,0,16,0.0625,0.065086,0
218.0,2205.63,0,16,0.125,0.080987,0
216.0,2167.47,0,16,0.125,0.096888,0
214.0,2129.31,0,16,0.125,0.112789,0
212.0,2091.14,0,16,0.125,0.12869,0
210.0,2052.98,0,16,0.1875,0.144591,0
208.0,2014.82,0,16,0.1875,0.160492,0
206.0,1976.66,0,16,0.1875,0.176393,0
204.0,1938.5,0,16,0.1875,0.192294,0
202.0,1900.33,0,16,0.25,0.208195,0
200.0,1862.17,0,16,0.25,0.224096,0
198.0,1824.01,0,16,0.25,0.239997,0
196.0,1785.85,0,16,0.25,0.255898,0
194.0,1747.68,0,16,0.3125,0.271798,0
192.0,1709.52,0,16,0.3125,0.287699,0
190.0,1671.36,0,16,0.3125,0.3036,0
188.0,1633.2,0,16,0.3125,0.319501,0
186.0,1595.03,0,16,0.375,0.335402,0
184.0,1556.87,0,16,0.375,0.351303,0
182.0,1518.71,0,16,0.375,0.367204,0
180.0,1480.55,0,16,0.375,0.383105,0
178.0,1442.39,0,16,0.375,0.399006,0
176.0,1404.22,0,16,0.4375,0.414907,0
174.0,1366.06,0,16,0.4375,0.430808,0
172.0,1327.9,0,16,0.4375,0.446709,0
170.0,1289.74,0,16,0.4375,0.46261,0
168.0,1251.57,0,16,0.5,0.478511,0
166.0,1213.41,0,16,0.5,0.494412,0
164.0,1175.25,0,16,0.5,0.510313,0
162.0,1137.09,0,16,0.5,0.526214,0
160.0,1098.93,0,16,0.5625,0.542115,0
158.0,1060.76,0,16,0.5625,0.558016,0
156.0,1022.6,0,16,0.5625,0.573916,0
154.0,984.44,0,16,0.5625,0.589817,0
152.0,946.28,0,16,0.625,0.605718,0
150.0,908.11,0,16,0.625,0.621619,0
148.0,869.95,0,16,0.625,0.63752,0
146.0,831.79,0,16,0.625,0.653421,0
144.0,793.63,0,16,0.6875,0.669322,0
142.0,755.46,0,16,0.6875,0.685223,0
140.0,717.3,0,16,0.6875,0.701124,0
138.0,679.14,0,16,0.6875,0.717025,0
136.0,640.98,0,16,0.6875,0.732926,0
134.0,602.82,0,16,0.75,0.748827,0
132.0,564.65,0,16,0.75,0.764728,0
130.0,526.49,0,16,0.75,0.780629,0
128.0,488.33,0,16,0.75,0.79653,0
126.0,450.17,0,16,0.8125,0.812431,0
124.0,412.0,0,16,0.8125,0.828332,0
122.0,373.84,0,16,0.8125,0.844233,0
120.0,335.68,0,16,0.8125,0.860134,0
118.0,297.52,0,16,0.875,0.876034,0
116.0,259.36,0,16,0.875,0.891935,0
114.0,221.19,0,16,0.875,0.907836,0
112.0,183.03,0,16,0.875,0.923737,0
110.0,144.87,0,16,0.9375,0.939638,0
108.0,106.71,0,16,0.9375,0.955539,0
106.0,68.54,0,16,0.9375,0.97144,0
104.0,30.38,0,16,0.9375,0.987341,0
102.0,0.0,1,16,1.0,1.0,1
100.0,0.0,1,16,1.0,1.0,1
98.0,0.0,1,16,1.0,1.0,1
96.0,0.0,1,16,1.0,1.0,1
94.0,0.0,1,16,1.0,1.0,1
92.0,0.0,1,16,1.0,1.0,1
90.0,0.0,1,16,1.0,1.0,1
88.0,0.0,1,16,1.0,1.0,1
86.0,0.0,1,16,1.0,1.0,1
84.0,0.0,1,16,1.0,1.0,1
82.0,0.0,1,16,1.0,1.0,1
80.0,0.0,1,16,1.0,1.0,1
78.0,0.0,1,16,1.0,1.0,1
76.0,0.0,1,16,1.0,1.0,1
74.0,0.0,1,16,1.0,1.0,1
72.0,0.0,1,16,1.0,1.0,1
70.0,0.0,1,16,1.0,1.0,1
68.0,0.0,1,16,1.0,1.0,1
66.0,0.0,1,16,1.0,1.0,1
64.0,0.0,1,16,1.0,1.0,1
62.0,0.0,1,16,1.0,1.0,1
60.0,0.0,1,16,1.0,1.0,1
58.0,0.0,1,16,1.0,1.0,1
56.0,0.0,1,16,1.0,1.0,1
54.0,0.0,1,16,1.0,1.0,1
52.0,0.0,1,16,1.0,1.0,1
50.0,0.0,1,16,1.0,1.0,1
300.0,3770.28,0,32,0.0,-0.570952,0
298.0,3732.12,0,32,0.0,-0.555051,0
296.0,3693.96,0,32,0.0,-0.53915,0
294.0,3655.8,0,32,0.0,-0.523249,0
292.0,3617.64,0,32,0.0,-0.507348,0
290.0,3579.47,0,32,0.0,-0.491447,0
288.0,3541.31,0,32,0.0,-0.475546,0
286.0,3503.15,0,32,0.0,-0.459645,0
284.0,3464.99,0,32,0.0,-0.443744,0
282.0,3426.82,0,32,0.0,-0.427843,0
280.0,3388.66,0,32,0.0,-0.411942,0
278.0,3350.5,0,32,0.0,-0.396041,0
276.0,3312.34,0,32,0.0,-0.38014,0
274.0,3274.17,0,32,0.0,-0.364239,0
272.0,3236.01,0,32,0.0,-0.348338,0
270.0,3197.85,0,32,0.0,-0.332438,0
268.0,3159.69,0,32,0.0,-0.316537,0
266.0,3121.53,0,32,0.0,-0.300636,0
264.0,3083.36,0,32,0.0,-0.284735,0
262.0,3045.2,0,32,0.0,-0.268834,0
260.0,3007.04,0,32,0.0,-0.252933,0
258.0,2968.88,0,32,0.0,-0.237032,0
256.0,2930.71,0,32,0.0,-0.221131,0
254.0,2892.55,0,32,0.0,-0.20523,0
252.0,2854.39,0,32,0.0,-0.189329,0
250.0,2816.23,0,32,0.0,-0.173428,0
248.0,2778.07,0,32,0.0,-0.157527,0
246.0,2739.9,0,32,0.0,-0.141626,0
244.0,2701.74,0,32,0.0,-0.125725,0
242.0,2663.58,0,32,0.0,-0.109824,0
240.0,2625.42,0,32,0.0,-0.093923,0
238.0,2587.25,0,32,0.0,-0.078022,0
236.0,2549.09,0,32,0.0,-0.062121,0
234.0,2510.93,0,32,0.0,-0.04622,0
232.0,2472.77,0,32,0.0,-0.03032,0
230.0,2434.6,0,32,0.0,-0.014419,0
228.0,2396.44,0,32,0.03125,0.001482,0
226.0,2358.28,0,32,0.03125,0.017383,0
224.0,2320.12,0,32,0.0625,0.033284,0
222.0,2281.96,0,32,0.0625,0.049185,0
220.0,2243.79,0,32,0.09375,0.065086,0
218.0,2205.63,0,32,0.09375,0.080987,0
216.0,2167.47,0,32,0.125,0.096888,0
214.0,2129.31,0,32,0.125,0.112789,0
212.0,2091.14,0,32,0.125,0.12869,0
210.0,2052.98,0,32,0.15625,0.144591,0
208.0,2014.82,0,32,0.15625,0.160492,0
206.0,1976.66,0,32,0.1875,0.176393,0
204.0,1938.5,0,32,0.1875,0.192294,0
202.0,1900.33,0,32,0.21875,0.208195,0
200.0,1862.17,0,32,0.21875,0.224096,0
198.0,1824.01,0,32,0.25,0.239997,0
196.0,1785.85,0,32,0.25,0.255898,0
194.0,1747.68,0,32,0.28125,0.271798,0
192.0,1709.52,0,32,0.28125,0.287699,0
190.0,1671.36,0,32,0.3125,0.3036,0
188.0,1633.2,0,32,0.3125,0.319501,0
186.0,1595.03,0,32,0.34375,0.335402,0
184.0,1556.87,0,32,0.34375,0.351303,0
182.0,1518.71,0,32,0.375,0.367204,0
180.0,1480.55,0,32,0.375,0.383105,0
178.0,1442.39,0,32,0.40625,0.399006,0
176.0,1404.22,0,32,0.40625,0.414907,0
174.0,1366.06,0,32,0.4375,0.430808,0
172.0,1327.9,0,32,0.4375,0.446709,0
170.0,1289.74,0,32,0.46875,0.46261,0
168.0,1251.57,0,32,0.46875,0.478511,0
166.0,1213.41,0,32,0.5,0.494412,0
164.0,1175.25,0,32,0.5,0.510313,0
162.0,1137.09,0,32,0.53125,0.526214,0
160.0,1098.93,0,32,0.53125,0.542115,0
158.0,1060.76,0,32,0.5625,0.558016,0
156.0,1022.6,0,32,0.5625,0.573916,0
154.0,984.44,0,32,0.59375,0.589817,0
152.0,946.28,0,32,0.59375,0.605718,0
150.0,908.11,0,32,0.625,0.621619,0
148.0,869.95,0,32,0.625,0.63752,0
146.0,831.79,0,32,0.65625,0.653421,0
144.0,793.63,0,32,0.65625,0.669322,0
142.0,755.46,0,32,0.6875,0.685223,0
140.0,717.3,0,32,0.6875,0.701124,0
138.0,679.14,0,32,0.71875,0.717025,0
136.0,640.98,0,32,0.71875,0.732926,0
134.0,602.82,0,32,0.75,0.748827,0
132.0,564.65,0,32,0.75,0.764728,0
130.0,526.49,0,32,0.78125,0.780629,0
128.0,488.33,0,32,0.78125,0.79653,0
126.0,450.17,0,32,0.8125,0.812431,0
124.0,412.0,0,32,0.8125,0.828332,0
122.0,373.84,0,32,0.84375,0.844233,0
120.0,335.68,0,32,0.84375,0.860134,0
118.0,297.52,0,32,0.875,0.876034,0
116.0,259.36,0,32,0.875,0.891935,0
114.0,221.19,0,32,0.90625,0.907836,0
112.0,183.03,0,32,0.90625,0.923737,0
110.0,144.87,0,32,0.9375,0.939638,0
108.0,106.71,0,32,0.9375,0.955539,0
106.0,68.54,0,32,0.96875,0.97144,0
104.0,30.38,0,32,0.96875,0.987341,0
102.0,0.0,1,32,1.0,1.0,1
100.0,0.0,1,32,1.0,1.0,1
98.0,0.0,1,32,1.0,1.0,1
96.0,0.0,1,32,1.0,1.0,1
94.0,0.0,1,32,1.0,1.0,1
92.0,0.0,1,32,1.0,1.0,1
90.0,0.0,1,32,1.0,1.0,1
88.0,0.0,1,32,1.0,1.0,1
86.0,0.0,1,32,1.0,1.0,1
84.0,0.0,1,32,1.0,1.0,1
82.0,0.0,1,32,1.0,1.0,1
80.0,0.0,1,32,1.0,1.0,1
78.0,0.0,1,32,1.0,1.0,1
76.0,0.0,1,32,1.0,1.0,1
74.0,0.0,1,32,1.0,1.0,1
72.0,0.0,1,32,1.0,1.0,1
70.0,0.0,1,32,1.0,1.0,1
68.0,0.0,1,32,1.0,1.0,1
66.0,0.0,1,32,1.0,1.0,1
64.0,0.0,1,32,1.0,1.0,1
62.0,0.0,1,32,1.0,1.0,1
60.0,0.0,1,32,1.0,1.0,1
58.0,0.0,1,32,1.0,1.0,1
56.0,0.0,1,32,1.0,1.0,1
54.0,0.0,1,32,1.0,1.0,1
52.0,0.0,1,32,1.0,1.0,1
50.0,0.0,1,32,1.0,1.0,1
300.0,3770.28,0,64,0.0,-0.570952,0
298.0,3732.12,0,64,0.0,-0.555051,0
296.0,3693.96,0,64,0.0,-0.53915,0
294.0,3655.8,0,64,0.0,-0.523249,0
292.0,3617.64,0,64,0.0,-0.507348,0
290.0,3579.47,0,64,0.0,-0.491447,0
288.0,3541.31,0,64,0.0,-0.475546,0
286.0,3503.15,0,64,0.0,-0.459645,0
284.0,3464.99,0,64,0.0,-0.443744,0
282.0,3426.82,0,64,0.0,-0.427843,0
280.0,3388.66,0,64,0.0,-0.411942,0
278.0,3350.5,0,64,0.0,-0.396041,0
276.0,3312.34,0,64,0.0,-0.38014,0
274.0,3274.17,0,64,0.0,-0.364239,0
272.0,3236.01,0,64,0.0,-0.348338,0
270.0,3197.85,0,64,0.0,-0.332438,0
268.0,3159.69,0,64,0.0,-0.316537,0
266.0,3121.53,0,64,0.0,-0.300636,0
264.0,3083.36,0,64,0.0,-0.284735,0
262.0,3045.2,0,64,0.0,-0.268834,0
260.0,3007.04,0,64,0.0,-0.252933,0
258.0,2968.88,0,64,0.0,-0.237032,0
256.0,2930.71,0,64,0.0,-0.221131,0
254.0,2892.55,0,64,0.0,-0.20523,0
252.0,2854.39,0,64,0.0,-0.189329,0
250.0,2816.23,0,64,0.0,-0.173428,0
248.0,2778.07,0,64,0.0,-0.157527,0
246.0,2739.9,0,64,0.0,-0.141626,0
244.0,2701.74,0,64,0.0,-0.125725,0
242.0,2663.58,0,64,0.0,-0.109824,0
240.0,2625.42,0,64,0.0,-0.093923,0
238.0,2587.25,0,64,0.0,-0.078022,0
236.0,2549.09,0,64,0.0,-0.062121,0
234.0,2510.93,0,64,0.0,-0.04622,0
232.0,2472.77,0,64,0.0,-0.03032,0
230.0,2434.6,0,64,0.0,-0.014419,0
228.0,2396.44,0,64,0.015625,0.001482,0
226.0,2358.28,0,64,0.03125,0.017383,0
224.0,2320.12,0,64,0.046875,0.033284,0
222.0,2281.96,0,64,0.0625,0.049185,0
220.0,2243.79,0,64,0.078125,0.065086,0
218.0,2205.63,0,64,0.09375,0.080987,0
216.0,2167.47,0,64,0.109375,0.096888,0
214.0,2129.31,0,64,0.125,0.112789,0
212.0,2091.14,0,64,0.140625,0.12869,0
210.0,2052.98,0,64,0.15625,0.144591,0
208.0,2014.82,0,64,0.171875,0.160492,0
206.0,1976.66,0,64,0.1875,0.176393,0
204.0,1938.5,0,64,0.203125,0.192294,0
202.0,1900.33,0,64,0.21875,0.208195,0
200.0,1862.17,0,64,0.234375,0.224096,0
198.0,1824.01,0,64,0.25,0.239997,0
196.0,1785.85,0,64,0.265625,0.255898,0
194.0,1747.68,0,64,0.28125,0.271798,0
192.0,1709.52,0,64,0.296875,0.287699,0
190.0,1671.36,0,64,0.3125,0.3036,0
188.0,1633.2,0,64,0.328125,0.319501,0
186.0,1595.03,0,64,0.34375,0.335402,0
184.0,1556.87,0,64,0.359375,0.351303,0
182.0,1518.71,0,64,0.375,0.367204,0
180.0,1480.55,0,64,0.390625,0.383105,0
178.0,1442.39,0,64,0.40625,0.399006,0
176.0,1404.22,0,64,0.421875,0.414907,0
174.0,1366.06,0,64,0.4375,0.430808,0
172.0,1327.9,0,64,0.453125,0.446709,0
170.0,1289.74,0,64,0.46875,0.46261,0
168.0,1251.57,0,64,0.484375,0.478511,0
166.0,1213.41,0,64,0.5,0.494412,0
164.0,1175.25,0,64,0.515625,0.510313,0
162.0,1137.09,0,64,0.53125,0.526214,0
160.0,1098.93,0,64,0.546875,0.542115,0
158.0,1060.76,0,64,0.5625,0.558016,0
156.0,1022.6,0,64,0.578125,0.573916,0
154.0,984.44,0,64,0.59375,0.589817,0
152.0,946.28,0,64,0.609375,0.605718,0
150.0,908.11,0,64,0.625,0.621619,0
148.0,869.95,0,64,0.640625,0.63752,0
146.0,831.79,0,64,0.65625,0.653421,0
144.0,793.63,0,64,0.671875,0.669322,0
142.0,755.46,0,64,0.6875,0.685223,0
140.0,717.3,0,64,0.703125,0.701124,0
138.0,679.14,0,64,0.71875,0.717025,0
136.0,640.98,0,64,0.734375,0.732926,0
134.0,602.82,0,64,0.75,0.748827,0
132.0,564.65,0,64,0.765625,0.764728,0
130.0,526.49,0,64,0.78125,0.780629,0
128.0,488.33,0,64,0.796875,0.79653,0
126.0,450.17,0,64,0.8125,0.812431,0
124.0,412.0,0,64,0.828125,0.828332,0
122.0,373.84,0,64,0.84375,0.844233,0
120.0,335.68,0,64,0.859375,0.860134,0
118.0,297.52,0,64,0.875,0.876034,0
116.0,259.36,0,64,0.890625,0.891935,0
114.0,221.19,0,64,0.90625,0.907836,0
112.0,183.03,0,64,0.921875,0.923737,0
110.0,144.87,0,64,0.9375,0.939638,0
108.0,106.71,0,64,0.953125,0.955539,0
106.0,68.54,0,64,0.96875,0.97144,0
104.0,30.38,0,64,0.984375,0.987341,0
102.0,0.0,1,64,1.0,1.0,1
100.0,0.0,1,64,1.0,1.0,1
98.0,0.0,1,64,1.0,1.0,1
96.0,0.0,1,64,1.0,1.0,1
94.0,0.0,1,64,1.0,1.0,1
92.0,0.0,1,64,1.0,1.0,1
90.0,0.0,1,64,1.0,1.0,1
88.0,0.0,1,64,1.0,1.0,1
86.0,0.0,1,64,1.0,1.0,1
84.0,0.0,1,64,1.0,1.0,1
82.0,0.0,1,64,1.0,1.0,1
80.0,0.0,1,64,1.0,1.0,1
78.0,0.0,1,64,1.0,1.0,1
76.0,0.0,1,64,1.0,1.0,1
74.0,0.0,1,64,1.0,1.0,1
72.0,0.0,1,64,1.0,1.0,1
70.0,0.0,1,64,1.0,1.0,1
68.0,0.0,1,64,1.0,1.0,1
66.0,0.0,1,64,1.0,1.0,1
64.0,0.0,1,64,1.0,1.0,1
62.0,0.0,1,64,1.0,1.0,1
60.0,0.0,1,64,1.0,1.0,1
58.0,0.0,1,64,1.0,1.0,1
56.0,0.0,1,64,1.0,1.0,1
54.0,0.0,1,64,1.0,1.0,1
52.0,0.0,1,64,1.0,1.0,1
50.0,0.0,1,64,1.0,1.0,1
300.0,3770.28,0,128,0.0,-0.570952,0
298.0,3732.12,0,128,0.0,-0.555051,0
296.0,3693.96,0,128,0.0,-0.53915,0
294.0,3655.8,0,128,0.0,-0.523249,0
292.0,3617.64,0,128,0.0,-0.507348,0
290.0,3579.47,0,128,0.0,-0.491447,0
288.0,3541.31,0,128,0.0,-0.475546,0
286.0,3503.15,0,128,0.0,-0.459645,0
284.0,3464.99,0,128,0.0,-0.443744,0
282.0,3426.82,0,128,0.0,-0.427843,0
280.0,3388.66,0,128,0.0,-0.411942,0
278.0,3350.5,0,128,0.0,-0.396041,0
276.0,3312.34,0,128,0.0,-0.38014,0
274.0,3274.17,0,128,0.0,-0.364239,0
272.0,3236.01,0,128,0.0,-0.348338,0
270.0,3197.85,0,128,0.0,-0.332438,0
268.0,3159.69,0,128,0.0,-0.316537,0
266.0,3121.53,0,128,0.0,-0.300636,0
264.0,3083.36,0,128,0.0,-0.284735,0
262.0,3045.2,0,128,0.0,-0.268834,0
260.0,3007.04,0,128,0.0,-0.252933,0
258.0,2968.88,0,128,0.0,-0.237032,0
256.0,2930.71,0,128,0.0,-0.221131,0
254.0,2892.55,0,128,0.0,-0.20523,0
252.0,2854.39,0,128,0.0,-0.189329,0
250.0,2816.23,0,128,0.0,-0.173428,0
248.0,2778.07,0,128,0.0,-0.157527,0
246.0,2739.9,0,128,0.0,-0.141626,0
244.0,2701.74,0,128,0.0,-0.125725,0
242.0,2663.58,0,128,0.0,-0.109824,0
240.0,2625.42,0,128,0.0,-0.093923,0
238.0,2587.25,0,128,0.0,-0.078022,0
236.0,2549.09,0,128,0.0,-0.062121,0
234.0,2510.93,0,128,0.0,-0.04622,0
232.0,2472.77,0,128,0.0,-0.03032,0
230.0,2434.6,0,128,0.0,-0.014419,0
228.0,2396.44,0,128,0.007812,0.001482,0
226.0,2358.28,0,128,0.023438,0.017383,0
224.0,2320.12,0,128,0.039062,0.033284,0
222.0,2281.96,0,128,0.054688,0.049185,0
220.0,2243.79,0,128,0.070312,0.065086,0
218.0,2205.63,0,128,0.085938,0.080987,0
216.0,2167.47,0,128,0.101562,0.096888,0
214.0,2129.31,0,128,0.117188,0.112789,0
212.0,2091.14,0,128,0.132812,0.12869,0
210.0,2052.98,0,128,0.148438,0.144591,0
208.0,2014.82,0,128,0.164062,0.160492,0
206.0,1976.66,0,128,0.179688,0.176393,0
204.0,1938.5,0,128,0.195312,0.192294,0
202.0,1900.33,0,128,0.210938,0.208195,0
200.0,1862.17,0,128,0.226562,0.224096,0
198.0,1824.01,0,128,0.242188,0.239997,0
196.0,1785.85,0,128,0.257812,0.255898,0
194.0,1747.68,0,128,0.273438,0.271798,0
192.0,1709.52,0,128,0.289062,0.287699,0
190.0,1671.36,0,128,0.304688,0.3036,0
188.0,1633.2,0,128,0.320312,0.319501,0
186.0,1595.03,0,128,0.335938,0.335402,0
184.0,1556.87,0,128,0.351562,0.351303,0
182.0,1518.71,0,128,0.367188,0.367204,0
180.0,1480.55,0,128,0.382812,0.383105,0
178.0,1442.39,0,128,0.398438,0.399006,0
176.0,1404.22,0,128,0.414062,0.414907,0
174.0,1366.06,0,128,0.429688,0.430808,0
172.0,1327.9,0,128,0.445312,0.446709,0
170.0,1289.74,0,128,0.460938,0.46261,0
168.0,1251.57,0,128,0.476562,0.478511,0
166.0,1213.41,0,128,0.492188,0.494412,0
164.0,1175.25,0,128,0.507812,0.510313,0
162.0,1137.09,0,128,0.523438,0.526214,0
160.0,1098.93,0,128,0.539062,0.542115,0
158.0,1060.76,0,128,0.554688,0.558016,0
156.0,1022.6,0,128,0.570312,0.573916,0
154.0,984.44,0,128,0.585938,0.589817,0
152.0,946.28,0,128,0.601562,0.605718,0
150.0,908.11,0,128,0.617188,0.621619,0
148.0,869.95,0,128,0.632812,0.63752,0
146.0,831.79,0,128,0.648438,0.653421,0
144.0,793.63,0,128,0.671875,0.669322,0
142.0,755.46,0,128,0.6875,0.685223,0
140.0,717.3,0,128,0.703125,0.701124,0
138.0,679.14,0,128,0.71875,0.717025,0
136.0,640.98,0,128,0.734375,0.732926,0
134.0,602.82,0,128,0.75,0.748827,0
132.0,564.65,0,128,0.765625,0.764728,0
130.0,526.49,0,128,0.78125,0.780629,0
128.0,488.33,0,128,0.796875,0.79653,0
126.0,450.17,0,128,0.8125,0.812431,0
124.0,412.0,0,128,0.828125,0.828332,0
122.0,373.84,0,128,0.84375,0.844233,0
120.0,335.68,0,128,0.859375,0.860134,0
118.0,297.52,0,128,0.875,0.876034,0
116.0,259.36,0,128,0.890625,0.891935,0
114.0,221.19,0,128,0.90625,0.907836,0
112.0,183.03,0,128,0.921875,0.923737,0
110.0,144.87,0,128,0.9375,0.939638,0
108.0,106.71,0,128,0.953125,0.955539,0
106.0,68.54,0,128,0.96875,0.97144,0
104.0,30.38,0,128,0.984375,0.987341,0
102.0,0.0,1,128,1.0,1.0,1
100.0,0.0,1,128,1.0,1.0,1
98.0,0.0,1,128,1.0,1.0,1
96.0,0.0,1,128,1.0,1.0,1
94.0,0.0,1,128,1.0,1.0,1
92.0,0.0,1,128,1.0,1.0,1
90.0,0.0,1,128,1.0,1.0,1
88.0,0.0,1,128,1.0,1.0,1
86.0,0.0,1,128,1.0,1.0,1
84.0,0.0,1,128,1.0,1.0,1
82.0,0.0,1,128,1.0,1.0,1
80.0,0.0,1,128,1.0,1.0,1
78.0,0.0,1,128,1.0,1.0,1
76.0,0.0,1,128,1.0,1.0,1
74.0,0.0,1,128,1.0,1.0,1
72.0,0.0,1,128,1.0,1.0,1
70.0,0.0,1,128,1.0,1.0,1
68.0,0.0,1,128,1.0,1.0,1
66.0,0.0,1,128,1.0,1.0,1
64.0,0.0,1,128,1.0,1.0,1
62.0,0.0,1,128,1.0,1.0,1
60.0,0.0,1,128,1.0,1.0,1
58.0,0.0,1,128,1.0,1.0,1
56.0,0.0,1,128,1.0,1.0,1
54.0,0.0,1,128,1.0,1.0,1
52.0,0.0,1,128,1.0,1.0,1
50.0,0.0,1,128,1.0,1.0,1
300.0,3770.28,0,256,0.0,-0.570952,0
298.0,3732.12,0,256,0.0,-0.555051,0
296.0,3693.96,0,256,0.0,-0.53915,0
294.0,3655.8,0,256,0.0,-0.523249,0
292.0,3617.64,0,256,0.0,-0.507348,0
290.0,3579.47,0,256,0.0,-0.491447,0
288.0,3541.31,0,256,0.0,-0.475546,0
286.0,3503.15,0,256,0.0,-0.459645,0
284.0,3464.99,0,256,0.0,-0.443744,0
282.0,3426.82,0,256,0.0,-0.427843,0
280.0,3388.66,0,256,0.0,-0.411942,0
278.0,3350.5,0,256,0.0,-0.396041,0
276.0,3312.34,0,256,0.0,-0.38014,0
274.0,3274.17,0,256,0.0,-0.364239,0
272.0,3236.01,0,256,0.0,-0.348338,0
270.0,3197.85,0,256,0.0,-0.332438,0
268.0,3159.69,0,256,0.0,-0.316537,0
266.0,3121.53,0,256,0.0,-0.300636,0
264.0,3083.36,0,256,0.0,-0.284735,0
262.0,3045.2,0,256,0.0,-0.268834,0
260.0,3007.04,0,256,0.0,-0.252933,0
258.0,2968.88,0,256,0.0,-0.237032,0
256.0,2930.71,0,256,0.0,-0.221131,0
254.0,2892.55,0,256,0.0,-0.20523,0
252.0,2854.39,0,256,0.0,-0.189329,0
250.0,2816.23,0,256,0.0,-0.173428,0
248.0,2778.07,0,256,0.0,-0.157527,0
246.0,2739.9,0,256,0.0,-0.141626,0
244.0,2701.74,0,256,0.0,-0.125725,0
242.0,2663.58,0,256,0.0,-0.109824,0
240.0,2625.42,0,256,0.0,-0.093923,0
238.0,2587.25,0,256,0.0,-0.078022,0
236.0,2549.09,0,256,0.0,-0.062121,0
234.0,2510.93,0,256,0.0,-0.04622,0
232.0,2472.77,0,256,0.0,-0.03032,0
230.0,2434.6,0,256,0.0,-0.014419,0
228.0,2396.44,0,256,0.003906,0.001482,0
226.0,2358.28,0,256,0.019531,0.017383,0
224.0,2320.12,0,256,0.035156,0.033284,0
222.0,2281.96,0,256,0.050781,0.049185,0
220.0,2243.79,0,256,0.066406,0.065086,0
218.0,2205.63,0,256,0.082031,0.080987,0
216.0,2167.47,0,256,0.097656,0.096888,0
214.0,2129.31,0,256,0.113281,0.112789,0
212.0,2091.14,0,256,0.128906,0.12869,0
210.0,2052.98,0,256,0.144531,0.144591,0
208.0,2014.82,0,256,0.160156,0.160492,0
206.0,1976.66,0,256,0.175781,0.176393,0
204.0,1938.5,0,256,0.195312,0.192294,0
202.0,1900.33,0,256,0.210938,0.208195,0
200.0,1862.17,0,256,0.226562,0.224096,0
198.0,1824.01,0,256,0.242188,0.239997,0
196.0,1785.85,0,256,0.257812,0.255898,0
194.0,1747.68,0,256,0.273438,0.271798,0
192.0,1709.52,0,256,0.289062,0.287699,0
190.0,1671.36,0,256,0.304688,0.3036,0
188.0,1633.2,0,256,0.320312,0.319501,0
186.0,1595.03,0,256,0.335938,0.335402,0
184.0,1556.87,0,256,0.351562,0.351303,0
182.0,1518.71,0,256,0.367188,0.367204,0
180.0,1480.55,0,256,0.382812,0.383105,0
178.0,1442.39,0,256,0.398438,0.399006,0
176.0,1404.22,0,256,0.414062,0.414907,0
174.0,1366.06,0,256,0.429688,0.430808,0
172.0,1327.9,0,256,0.445312,0.446709,0
170.0,1289.74,0,256,0.460938,0.46261,0
168.0,1251.57,0,256,0.480469,0.478511,0
166.0,1213.41,0,256,0.496094,0.494412,0
164.0,1175.25,0,256,0.511719,0.510313,0
162.0,1137.09,0,256,0.527344,0.526214,0
160.0,1098.93,0,256,0.542969,0.542115,0
158.0,1060.76,0,256,0.558594,0.558016,0
156.0,1022.6,0,256,0.574219,0.573916,0
154.0,984.44,0,256,0.589844,0.589817,0
152.0,946.28,0,256,0.605469,0.605718,0
150.0,908.11,0,256,0.621094,0.621619,0
148.0,869.95,0,256,0.636719,0.63752,0
146.0,831.79,0,256,0.652344,0.653421,0
144.0,793.63,0,256,0.667969,0.669322,0
142.0,755.46,0,256,0.683594,0.685223,0
140.0,717.3,0,256,0.699219,0.701124,0
138.0,679.14,0,256,0.714844,0.717025,0
136.0,640.98,0,256,0.730469,0.732926,0
134.0,602.82,0,256,0.746094,0.748827,0
132.0,564.65,0,256,0.765625,0.764728,0
130.0,526.49,0,256,0.78125,0.780629,0
128.0,488.33,0,256,0.796875,0.79653,0
126.0,450.17,0,256,0.8125,0.812431,0
124.0,412.0,0,256,0.828125,0.828332,0
122.0,373.84,0,256,0.84375,0.844233,0
120.0,335.68,0,256,0.859375,0.860134,0
118.0,297.52,0,256,0.875,0.876034,0
116.0,259.36,0,256,0.890625,0.891935,0
114.0,221.19,0,256,0.90625,0.907836,0
112.0,183.03,0,256,0.921875,0.923737,0
110.0,144.87,0,256,0.9375,0.939638,0
108.0,106.71,0,256,0.953125,0.955539,0
106.0,68.54,0,256,0.96875,0.97144,0
104.0,30.38,0,256,0.984375,0.987341,0
102.0,0.0,1,256,1.0,1.0,1
100.0,0.0,1,256,1.0,1.0,1
98.0,0.0,1,256,1.0,1.0,1
96.0,0.0,1,256,1.0,1.0,1
94.0,0.0,1,256,1.0,1.0,1
92.0,0.0,1,256,1.0,1.0,1
90.0,0.0,1,256,1.0,1.0,1
88.0,0.0,1,256,1.0,1.0,1
86.0,0.0,1,256,1.0,1.0,1
84.0,0.0,1,256,1.0,1.0,1
82.0,0.0,1,256,1.0,1.0,1
80.0,0.0,1,256,1.0,1.0,1
78.0,0.0,1,256,1.0,1.0,1
76.0,0.0,1,256,1.0,1.0,1
74.0,0.0,1,256,1.0,1.0,1
72.0,0.0,1,256,1.0,1.0,1
70.0,0.0,1,256,1.0,1.0,1
68.0,0.0,1,256,1.0,1.0,1
66.0,0.0,1,256,1.0,1.0,1
64.0,0.0,1,256,1.0,1.0,1
62.0,0.0,1,256,1.0,1.0,1
60.0,0.0,1,256,1.0,1.0,1
58.0,0.0,1,256,1.0,1.0,1
56.0,0.0,1,256,1.0,1.0,1
54.0,0.0,1,256,1.0,1.0,1
52.0,0.0,1,256,1.0,1.0,1
50.0,0.0,1,256,1.0,1.0,1
