snr_db,ber,bler,k,perm_k_bler,perm_k_ber,ground_truth,gap
-1.0,0.2,1.0,4,0.25,0.25,0.25,0.0
-0.9,0.19,1.0,4,0.25,0.25,0.25,0.0
-0.8,0.18,1.0,4,0.25,0.25,0.25,0.0
-0.7,0.17,1.0,4,0.25,0.25,0.25,0.0
-0.6,0.16,1.0,4,0.25,0.25,0.25,0.0
-0.5,0.15,1.0,4,0.25,0.25,0.25,0.0
-0.4,0.14,1.0,4,0.25,0.25,0.25,0.0
-0.3,0.13,1.0,4,0.25,0.25,0.25,0.0
-0.2,0.12,1.0,4,0.25,0.25,0.25,0.0
-0.1,0.11,1.0,4,0.25,0.25,0.25,0.0
-0.0,0.1,1.0,4,0.25,0.25,0.25,0.0
0.1,0.09,1.0,4,0.25,0.25,0.25,0.0
0.2,0.08,1.0,4,0.25,0.25,0.25,0.0
0.3,0.07,1.0,4,0.25,0.25,0.25,0.0
0.4,0.06,1.0,4,0.25,0.25,0.25,0.0
0.5,0.05,1.0,4,0.25,0.25,0.25,0.0
0.6,0.042,1.0,4,0.25,0.5,0.25,0.25
0.7,0.034,1.0,4,0.25,0.5,0.25,0.25
0.8,0.026,1.0,4,0.25,0.5,0.25,0.25
0.9,0.018,1.0,4,0.25,0.5,0.25,0.25
1.0,0.01,1.0,4,0.25,0.5,0.25,0.25
1.1,0.0084,1.0,4,0.25,0.5,0.25,0.25
1.2,0.0068,1.0,4,0.25,0.5,0.25,0.25
1.3,0.0052,1.0,4,0.25,0.5,0.25,0.25
1.4,0.0036,1.0,4,0.25,0.5,0.25,0.25
1.5,0.002,1.0,4,0.25,0.75,0.25,0.5
1.6,0.00166,1.0,4,0.25,0.75,0.25,0.5
1.7,0.00132,1.0,4,0.25,0.75,0.25,0.5
1.8,0.00098,1.0,4,0.25,0.75,0.25,0.5
1.9,0.00064,1.0,4,0.25,0.75,0.25,0.5
2.0,0.0003,1.0,4,0.25,0.75,0.25,0.5
2.1,0.000244,0.94607553,4,0.25,0.75,0.25,0.5
2.2,0.000188,0.89215107,4,0.25,0.75,0.25,0.5
2.3,0.000132,0.83822661,4,0.25,0.75,0.25,0.5
2.4,7.6e-05,0.78430214,4,0.25,1.0,0.25,0.75
2.5,2e-05,0.73037768,4,0.25,1.0,0.25,0.75
2.6,1.61e-05,0.59074953,4,0.25,1.0,0.25,0.75
2.7,1.22e-05,0.45112139,4,0.25,1.0,0.25,0.75
2.8,8.3e-06,0.31149324,4,0.25,1.0,0.25,0.75
2.9,4.4e-06,0.1718651,4,0.25,1.0,0.25,0.75
3.0,5e-07,0.03223695,4,0.5,1.0,0.5,0.5
3.1,4e-07,0.02592059,4,0.5,1.0,0.5,0.5
3.2,3e-07,0.01960423,4,0.5,1.0,0.5,0.5
3.3,2.1e-07,0.01328787,4,0.5,1.0,0.5,0.5
3.4,1.1e-07,0.00697151,4,0.5,1.0,0.5,0.5
3.5,1e-08,0.00065515,4,0.75,1.0,0.75,0.25
3.6,1e-08,0.00052543,4,0.75,1.0,0.75,0.25
3.7,1e-08,0.00039571,4,0.75,1.0,0.75,0.25
3.8,0.0,0.00026599,4,0.75,1.0,0.75,0.25
3.9,0.0,0.00013627,4,0.75,1.0,0.75,0.25
4.0,0.0,6.55e-06,4,1.0,1.0,1.0,0.0
4.1,0.0,5.9e-06,4,1.0,1.0,1.0,0.0
4.2,0.0,5.24e-06,4,1.0,1.0,1.0,0.0
4.3,0.0,4.59e-06,4,1.0,1.0,1.0,0.0
4.4,0.0,3.93e-06,4,1.0,1.0,1.0,0.0
4.5,0.0,3.28e-06,4,1.0,1.0,1.0,0.0
4.6,0.0,2.62e-06,4,1.0,1.0,1.0,0.0
4.7,0.0,1.97e-06,4,1.0,1.0,1.0,0.0
4.8,0.0,1.31e-06,4,1.0,1.0,1.0,0.0
4.9,0.0,6.6e-07,4,1.0,1.0,1.0,0.0
5.0,0.0,0.0,4,1.0,1.0,1.0,0.0
-1.0,0.2,1.0,8,0.125,0.25,0.125,0.125
-0.9,0.19,1.0,8,0.125,0.25,0.125,0.125
-0.8,0.18,1.0,8,0.125,0.25,0.125,0.125
-0.7,0.17,1.0,8,0.125,0.25,0.125,0.125
-0.6,0.16,1.0,8,0.125,0.25,0.125,0.125
-0.5,0.15,1.0,8,0.125,0.25,0.125,0.125
-0.4,0.14,1.0,8,0.125,0.25,0.125,0.125
-0.3,0.13,1.0,8,0.125,0.25,0.125,0.125
-0.2,0.12,1.0,8,0.125,0.25,0.125,0.125
-0.1,0.11,1.0,8,0.125,0.25,0.125,0.125
-0.0,0.1,1.0,8,0.125,0.25,0.125,0.125
0.1,0.09,1.0,8,0.125,0.25,0.125,0.125
0.2,0.08,1.0,8,0.125,0.25,0.125,0.125
0.3,0.07,1.0,8,0.125,0.375,0.125,0.25
0.4,0.06,1.0,8,0.125,0.375,0.125,0.25
0.5,0.05,1.0,8,0.125,0.375,0.125,0.25
0.6,0.042,1.0,8,0.125,0.375,0.125,0.25
0.7,0.034,1.0,8,0.125,0.375,0.125,0.25
0.8,0.026,1.0,8,0.125,0.375,0.125,0.25
0.9,0.018,1.0,8,0.125,0.5,0.125,0.375
1.0,0.01,1.0,8,0.125,0.5,0.125,0.375
1.1,0.0084,1.0,8,0.125,0.5,0.125,0.375
1.2,0.0068,1.0,8,0.125,0.5,0.125,0.375
1.3,0.0052,1.0,8,0.125,0.5,0.125,0.375
1.4,0.0036,1.0,8,0.125,0.625,0.125,0.5
1.5,0.002,1.0,8,0.125,0.625,0.125,0.5
1.6,0.00166,1.0,8,0.125,0.625,0.125,0.5
1.7,0.00132,1.0,8,0.125,0.75,0.125,0.625
1.8,0.00098,1.0,8,0.125,0.75,0.125,0.625
1.9,0.00064,1.0,8,0.125,0.75,0.125,0.625
2.0,0.0003,1.0,8,0.125,0.875,0.125,0.75
2.1,0.000244,0.94607553,8,0.125,0.875,0.125,0.75
2.2,0.000188,0.89215107,8,0.125,0.875,0.125,0.75
2.3,0.000132,0.83822661,8,0.125,0.875,0.125,0.75
2.4,7.6e-05,0.78430214,8,0.125,1.0,0.125,0.875
2.5,2e-05,0.73037768,8,0.125,1.0,0.125,0.875
2.6,1.61e-05,0.59074953,8,0.125,1.0,0.125,0.875
2.7,1.22e-05,0.45112139,8,0.125,1.0,0.125,0.875
2.8,8.3e-06,0.31149324,8,0.125,1.0,0.125,0.875
2.9,4.4e-06,0.1718651,8,0.25,1.0,0.25,0.75
3.0,5e-07,0.03223695,8,0.375,1.0,0.375,0.625
3.1,4e-07,0.02592059,8,0.375,1.0,0.375,0.625
3.2,3e-07,0.01960423,8,0.375,1.0,0.375,0.625
3.3,2.1e-07,0.01328787,8,0.5,1.0,0.5,0.5
3.4,1.1e-07,0.00697151,8,0.5,1.0,0.5,0.5
3.5,1e-08,0.00065515,8,0.75,1.0,0.75,0.25
3.6,1e-08,0.00052543,8,0.75,1.0,0.75,0.25
3.7,1e-08,0.00039571,8,0.75,1.0,0.75,0.25
3.8,0.0,0.00026599,8,0.875,1.0,0.875,0.125
3.9,0.0,0.00013627,8,0.875,1.0,0.875,0.125
4.0,0.0,6.55e-06,8,1.0,1.0,1.0,0.0
4.1,0.0,5.9e-06,8,1.0,1.0,1.0,0.0
4.2,0.0,5.24e-06,8,1.0,1.0,1.0,0.0
4.3,0.0,4.59e-06,8,1.0,1.0,1.0,0.0
4.4,0.0,3.93e-06,8,1.0,1.0,1.0,0.0
4.5,0.0,3.28e-06,8,1.0,1.0,1.0,0.0
4.6,0.0,2.62e-06,8,1.0,1.0,1.0,0.0
4.7,0.0,1.97e-06,8,1.0,1.0,1.0,0.0
4.8,0.0,1.31e-06,8,1.0,1.0,1.0,0.0
4.9,0.0,6.6e-07,8,1.0,1.0,1.0,0.0
5.0,0.0,0.0,8,1.0,1.0,1.0,0.0
-1.0,0.2,1.0,16,0.0625,0.1875,0.0625,0.125
-0.9,0.19,1.0,16,0.0625,0.1875,0.0625,0.125
-0.8,0.18,1.0,16,0.0625,0.1875,0.0625,0.125
-0.7,0.17,1.0,16,0.0625,0.1875,0.0625,0.125
-0.6,0.16,1.0,16,0.0625,0.1875,0.0625,0.125
-0.5,0.15,1.0,16,0.0625,0.25,0.0625,0.1875
-0.4,0.14,1.0,16,0.0625,0.25,0.0625,0.1875
-0.3,0.13,1.0,16,0.0625,0.25,0.0625,0.1875
-0.2,0.12,1.0,16,0.0625,0.25,0.0625,0.1875
-0.1,0.11,1.0,16,0.0625,0.25,0.0625,0.1875
-0.0,0.1,1.0,16,0.0625,0.25,0.0625,0.1875
0.1,0.09,1.0,16,0.0625,0.25,0.0625,0.1875
0.2,0.08,1.0,16,0.0625,0.3125,0.0625,0.25
0.3,0.07,1.0,16,0.0625,0.3125,0.0625,0.25
0.4,0.06,1.0,16,0.0625,0.3125,0.0625,0.25
0.5,0.05,1.0,16,0.0625,0.3125,0.0625,0.25
0.6,0.042,1.0,16,0.0625,0.375,0.0625,0.3125
0.7,0.034,1.0,16,0.0625,0.375,0.0625,0.3125
0.8,0.026,1.0,16,0.0625,0.375,0.0625,0.3125
0.9,0.018,1.0,16,0.0625,0.4375,0.0625,0.375
1.0,0.01,1.0,16,0.0625,0.5,0.0625,0.4375
1.1,0.0084,1.0,16,0.0625,0.5,0.0625,0.4375
1.2,0.0068,1.0,16,0.0625,0.5625,0.0625,0.5
1.3,0.0052,1.0,16,0.0625,0.5625,0.0625,0.5
1.4,0.0036,1.0,16,0.0625,0.625,0.0625,0.5625
1.5,0.002,1.0,16,0.0625,0.6875,0.0625,0.625
1.6,0.00166,1.0,16,0.0625,0.6875,0.0625,0.625
1.7,0.00132,1.0,16,0.0625,0.6875,0.0625,0.625
1.8,0.00098,1.0,16,0.0625,0.75,0.0625,0.6875
1.9,0.00064,1.0,16,0.0625,0.75,0.0625,0.6875
2.0,0.0003,1.0,16,0.0625,0.875,0.0625,0.8125
2.1,0.000244,0.94607553,16,0.0625,0.875,0.0625,0.8125
2.2,0.000188,0.89215107,16,0.0625,0.875,0.0625,0.8125
2.3,0.000132,0.83822661,16,0.0625,0.9375,0.0625,0.875
2.4,7.6e-05,0.78430214,16,0.0625,1.0,0.0625,0.9375
2.5,2e-05,0.73037768,16,0.0625,1.0,0.0625,0.9375
2.6,1.61e-05,0.59074953,16,0.0625,1.0,0.0625,0.9375
2.7,1.22e-05,0.45112139,16,0.125,1.0,0.125,0.875
2.8,8.3e-06,0.31149324,16,0.125,1.0,0.125,0.875
2.9,4.4e-06,0.1718651,16,0.1875,1.0,0.1875,0.8125
3.0,5e-07,0.03223695,16,0.375,1.0,0.375,0.625
3.1,4e-07,0.02592059,16,0.375,1.0,0.375,0.625
3.2,3e-07,0.01960423,16,0.4375,1.0,0.4375,0.5625
3.3,2.1e-07,0.01328787,16,0.5,1.0,0.5,0.5
3.4,1.1e-07,0.00697151,16,0.5625,1.0,0.5625,0.4375
3.5,1e-08,0.00065515,16,0.75,1.0,0.75,0.25
3.6,1e-08,0.00052543,16,0.8125,1.0,0.8125,0.1875
3.7,1e-08,0.00039571,16,0.8125,1.0,0.8125,0.1875
3.8,0.0,0.00026599,16,0.875,1.0,0.875,0.125
3.9,0.0,0.00013627,16,0.9375,1.0,0.9375,0.0625
4.0,0.0,6.55e-06,16,1.0,1.0,1.0,0.0
4.1,0.0,5.9e-06,16,1.0,1.0,1.0,0.0
4.2,0.0,5.24e-06,16,1.0,1.0,1.0,0.0
4.3,0.0,4.59e-06,16,1.0,1.0,1.0,0.0
4.4,0.0,3.93e-06,16,1.0,1.0,1.0,0.0
4.5,0.0,3.28e-06,16,1.0,1.0,1.0,0.0
4.6,0.0,2.62e-06,16,1.0,1.0,1.0,0.0
4.7,0.0,1.97e-06,16,1.0,1.0,1.0,0.0
4.8,0.0,1.31e-06,16,1.0,1.0,1.0,0.0
4.9,0.0,6.6e-07,16,1.0,1.0,1.0,0.0
5.0,0.0,0.0,16,1.0,1.0,1.0,0.0
-1.0,0.2,1.0,32,0.03125,0.1875,0.03125,0.15625
-0.9,0.19,1.0,32,0.03125,0.1875,0.03125,0.15625
-0.8,0.18,1.0,32,0.03125,0.1875,0.03125,0.15625
-0.7,0.17,1.0,32,0.03125,0.1875,0.03125,0.15625
-0.6,0.16,1.0,32,0.03125,0.21875,0.03125,0.1875
-0.5,0.15,1.0,32,0.03125,0.21875,0.03125,0.1875
-0.4,0.14,1.0,32,0.03125,0.21875,0.03125,0.1875
-0.3,0.13,1.0,32,0.03125,0.21875,0.03125,0.1875
-0.2,0.12,1.0,32,0.03125,0.25,0.03125,0.21875
-0.1,0.11,1.0,32,0.03125,0.25,0.03125,0.21875
-0.0,0.1,1.0,32,0.03125,0.25,0.03125,0.21875
0.1,0.09,1.0,32,0.03125,0.28125,0.03125,0.25
0.2,0.08,1.0,32,0.03125,0.28125,0.03125,0.25
0.3,0.07,1.0,32,0.03125,0.28125,0.03125,0.25
0.4,0.06,1.0,32,0.03125,0.3125,0.03125,0.28125
0.5,0.05,1.0,32,0.03125,0.34375,0.03125,0.3125
0.6,0.042,1.0,32,0.03125,0.34375,0.03125,0.3125
0.7,0.034,1.0,32,0.03125,0.375,0.03125,0.34375
0.8,0.026,1.0,32,0.03125,0.40625,0.03125,0.375
0.9,0.018,1.0,32,0.03125,0.4375,0.03125,0.40625
1.0,0.01,1.0,32,0.03125,0.5,0.03125,0.46875
1.1,0.0084,1.0,32,0.03125,0.53125,0.03125,0.5
1.2,0.0068,1.0,32,0.03125,0.53125,0.03125,0.5
1.3,0.0052,1.0,32,0.03125,0.5625,0.03125,0.53125
1.4,0.0036,1.0,32,0.03125,0.59375,0.03125,0.5625
1.5,0.002,1.0,32,0.03125,0.65625,0.03125,0.625
1.6,0.00166,1.0,32,0.03125,0.6875,0.03125,0.65625
1.7,0.00132,1.0,32,0.03125,0.71875,0.03125,0.6875
1.8,0.00098,1.0,32,0.03125,0.75,0.03125,0.71875
1.9,0.00064,1.0,32,0.03125,0.78125,0.03125,0.75
2.0,0.0003,1.0,32,0.03125,0.875,0.03125,0.84375
2.1,0.000244,0.94607553,32,0.03125,0.875,0.03125,0.84375
2.2,0.000188,0.89215107,32,0.03125,0.90625,0.03125,0.875
2.3,0.000132,0.83822661,32,0.03125,0.96875,0.03125,0.9375
2.4,7.6e-05,0.78430214,32,0.03125,1.0,0.03125,0.96875
2.5,2e-05,0.73037768,32,0.0625,1.0,0.0625,0.9375
2.6,1.61e-05,0.59074953,32,0.0625,1.0,0.0625,0.9375
2.7,1.22e-05,0.45112139,32,0.09375,1.0,0.09375,0.90625
2.8,8.3e-06,0.31149324,32,0.125,1.0,0.125,0.875
2.9,4.4e-06,0.1718651,32,0.1875,1.0,0.1875,0.8125
3.0,5e-07,0.03223695,32,0.375,1.0,0.375,0.625
3.1,4e-07,0.02592059,32,0.40625,1.0,0.40625,0.59375
3.2,3e-07,0.01960423,32,0.4375,1.0,0.4375,0.5625
3.3,2.1e-07,0.01328787,32,0.46875,1.0,0.46875,0.53125
3.4,1.1e-07,0.00697151,32,0.53125,1.0,0.53125,0.46875
3.5,1e-08,0.00065515,32,0.78125,1.0,0.78125,0.21875
3.6,1e-08,0.00052543,32,0.8125,1.0,0.8125,0.1875
3.7,1e-08,0.00039571,32,0.84375,1.0,0.84375,0.15625
3.8,0.0,0.00026599,32,0.875,1.0,0.875,0.125
3.9,0.0,0.00013627,32,0.9375,1.0,0.9375,0.0625
4.0,0.0,6.55e-06,32,1.0,1.0,1.0,0.0
4.1,0.0,5.9e-06,32,1.0,1.0,1.0,0.0
4.2,0.0,5.24e-06,32,1.0,1.0,1.0,0.0
4.3,0.0,4.59e-06,32,1.0,1.0,1.0,0.0
4.4,0.0,3.93e-06,32,1.0,1.0,1.0,0.0
4.5,0.0,3.28e-06,32,1.0,1.0,1.0,0.0
4.6,0.0,2.62e-06,32,1.0,1.0,1.0,0.0
4.7,0.0,1.97e-06,32,1.0,1.0,1.0,0.0
4.8,0.0,1.31e-06,32,1.0,1.0,1.0,0.0
4.9,0.0,6.6e-07,32,1.0,1.0,1.0,0.0
5.0,0.0,0.0,32,1.0,1.0,1.0,0.0
-1.0,0.2,1.0,64,0.015625,0.1875,0.015625,0.171875
-0.9,0.19,1.0,64,0.015625,0.1875,0.015625,0.171875
-0.8,0.18,1.0,64,0.015625,0.1875,0.015625,0.171875
-0.7,0.17,1.0,64,0.015625,0.203125,0.015625,0.1875
-0.6,0.16,1.0,64,0.015625,0.203125,0.015625,0.1875
-0.5,0.15,1.0,64,0.015625,0.203125,0.015625,0.1875
-0.4,0.14,1.0,64,0.015625,0.21875,0.015625,0.203125
-0.3,0.13,1.0,64,0.015625,0.21875,0.015625,0.203125
-0.2,0.12,1.0,64,0.015625,0.234375,0.015625,0.21875
-0.1,0.11,1.0,64,0.015625,0.25,0.015625,0.234375
-0.0,0.1,1.0,64,0.015625,0.25,0.015625,0.234375
0.1,0.09,1.0,64,0.015625,0.265625,0.015625,0.25
0.2,0.08,1.0,64,0.015625,0.28125,0.015625,0.265625
0.3,0.07,1.0,64,0.015625,0.296875,0.015625,0.28125
0.4,0.06,1.0,64,0.015625,0.3125,0.015625,0.296875
0.5,0.05,1.0,64,0.015625,0.328125,0.015625,0.3125
0.6,0.042,1.0,64,0.015625,0.34375,0.015625,0.328125
0.7,0.034,1.0,64,0.015625,0.375,0.015625,0.359375
0.8,0.026,1.0,64,0.015625,0.390625,0.015625,0.375
0.9,0.018,1.0,64,0.015625,0.4375,0.015625,0.421875
1.0,0.01,1.0,64,0.015625,0.5,0.015625,0.484375
1.1,0.0084,1.0,64,0.015625,0.515625,0.015625,0.5
1.2,0.0068,1.0,64,0.015625,0.546875,0.015625,0.53125
1.3,0.0052,1.0,64,0.015625,0.5625,0.015625,0.546875
1.4,0.0036,1.0,64,0.015625,0.609375,0.015625,0.59375
1.5,0.002,1.0,64,0.015625,0.671875,0.015625,0.65625
1.6,0.00166,1.0,64,0.015625,0.6875,0.015625,0.671875
1.7,0.00132,1.0,64,0.015625,0.71875,0.015625,0.703125
1.8,0.00098,1.0,64,0.015625,0.75,0.015625,0.734375
1.9,0.00064,1.0,64,0.015625,0.796875,0.015625,0.78125
2.0,0.0003,1.0,64,0.015625,0.875,0.015625,0.859375
2.1,0.000244,0.94607553,64,0.015625,0.890625,0.015625,0.875
2.2,0.000188,0.89215107,64,0.015625,0.921875,0.015625,0.90625
2.3,0.000132,0.83822661,64,0.03125,0.96875,0.03125,0.9375
2.4,7.6e-05,0.78430214,64,0.03125,1.0,0.03125,0.96875
2.5,2e-05,0.73037768,64,0.046875,1.0,0.046875,0.953125
2.6,1.61e-05,0.59074953,64,0.0625,1.0,0.0625,0.9375
2.7,1.22e-05,0.45112139,64,0.09375,1.0,0.09375,0.90625
2.8,8.3e-06,0.31149324,64,0.125,1.0,0.125,0.875
2.9,4.4e-06,0.1718651,64,0.203125,1.0,0.203125,0.796875
3.0,5e-07,0.03223695,64,0.375,1.0,0.375,0.625
3.1,4e-07,0.02592059,64,0.390625,1.0,0.390625,0.609375
3.2,3e-07,0.01960423,64,0.421875,1.0,0.421875,0.578125
3.3,2.1e-07,0.01328787,64,0.46875,1.0,0.46875,0.53125
3.4,1.1e-07,0.00697151,64,0.53125,1.0,0.53125,0.46875
3.5,1e-08,0.00065515,64,0.796875,1.0,0.796875,0.203125
3.6,1e-08,0.00052543,64,0.8125,1.0,0.8125,0.1875
3.7,1e-08,0.00039571,64,0.84375,1.0,0.84375,0.15625
3.8,0.0,0.00026599,64,0.890625,1.0,0.890625,0.109375
3.9,0.0,0.00013627,64,0.953125,1.0,0.953125,0.046875
4.0,0.0,6.55e-06,64,1.0,1.0,1.0,0.0
4.1,0.0,5.9e-06,64,1.0,1.0,1.0,0.0
4.2,0.0,5.24e-06,64,1.0,1.0,1.0,0.0
4.3,0.0,4.59e-06,64,1.0,1.0,1.0,0.0
4.4,0.0,3.93e-06,64,1.0,1.0,1.0,0.0
4.5,0.0,3.28e-06,64,1.0,1.0,1.0,0.0
4.6,0.0,2.62e-06,64,1.0,1.0,1.0,0.0
4.7,0.0,1.97e-06,64,1.0,1.0,1.0,0.0
4.8,0.0,1.31e-06,64,1.0,1.0,1.0,0.0
4.9,0.0,6.6e-07,64,1.0,1.0,1.0,0.0
5.0,0.0,0.0,64,1.0,1.0,1.0,0.0
-1.0,0.2,1.0,128,0.007812,0.179688,0.007812,0.171875
-0.9,0.19,1.0,128,0.007812,0.179688,0.007812,0.171875
-0.8,0.18,1.0,128,0.007812,0.1875,0.007812,0.179688
-0.7,0.17,1.0,128,0.007812,0.195312,0.007812,0.1875
-0.6,0.16,1.0,128,0.007812,0.203125,0.007812,0.195312
-0.5,0.15,1.0,128,0.007812,0.210938,0.007812,0.203125
-0.4,0.14,1.0,128,0.007812,0.21875,0.007812,0.210938
-0.3,0.13,1.0,128,0.007812,0.226562,0.007812,0.21875
-0.2,0.12,1.0,128,0.007812,0.234375,0.007812,0.226562
-0.1,0.11,1.0,128,0.007812,0.242188,0.007812,0.234375
-0.0,0.1,1.0,128,0.007812,0.25,0.007812,0.242188
0.1,0.09,1.0,128,0.007812,0.265625,0.007812,0.257812
0.2,0.08,1.0,128,0.007812,0.273438,0.007812,0.265625
0.3,0.07,1.0,128,0.007812,0.289062,0.007812,0.28125
0.4,0.06,1.0,128,0.007812,0.304688,0.007812,0.296875
0.5,0.05,1.0,128,0.007812,0.328125,0.007812,0.320312
0.6,0.042,1.0,128,0.007812,0.34375,0.007812,0.335938
0.7,0.034,1.0,128,0.007812,0.367188,0.007812,0.359375
0.8,0.026,1.0,128,0.007812,0.398438,0.007812,0.390625
0.9,0.018,1.0,128,0.007812,0.4375,0.007812,0.429688
1.0,0.01,1.0,128,0.007812,0.5,0.007812,0.492188
1.1,0.0084,1.0,128,0.007812,0.515625,0.007812,0.507812
1.2,0.0068,1.0,128,0.007812,0.539062,0.007812,0.53125
1.3,0.0052,1.0,128,0.007812,0.570312,0.007812,0.5625
1.4,0.0036,1.0,128,0.007812,0.609375,0.007812,0.601562
1.5,0.002,1.0,128,0.007812,0.671875,0.007812,0.664062
1.6,0.00166,1.0,128,0.007812,0.695312,0.007812,0.6875
1.7,0.00132,1.0,128,0.007812,0.71875,0.007812,0.710938
1.8,0.00098,1.0,128,0.007812,0.75,0.007812,0.742188
1.9,0.00064,1.0,128,0.007812,0.796875,0.007812,0.789062
2.0,0.0003,1.0,128,0.007812,0.875,0.007812,0.867188
2.1,0.000244,0.94607553,128,0.007812,0.898438,0.007812,0.890625
2.2,0.000188,0.89215107,128,0.015625,0.929688,0.015625,0.914062
2.3,0.000132,0.83822661,128,0.023438,0.96875,0.023438,0.945312
2.4,7.6e-05,0.78430214,128,0.03125,1.0,0.03125,0.96875
2.5,2e-05,0.73037768,128,0.039062,1.0,0.039062,0.960938
2.6,1.61e-05,0.59074953,128,0.0625,1.0,0.0625,0.9375
2.7,1.22e-05,0.45112139,128,0.085938,1.0,0.085938,0.914062
2.8,8.3e-06,0.31149324,128,0.132812,1.0,0.132812,0.867188
2.9,4.4e-06,0.1718651,128,0.195312,1.0,0.195312,0.804688
3.0,5e-07,0.03223695,128,0.375,1.0,0.375,0.625
3.1,4e-07,0.02592059,128,0.398438,1.0,0.398438,0.601562
3.2,3e-07,0.01960423,128,0.429688,1.0,0.429688,0.570312
3.3,2.1e-07,0.01328787,128,0.46875,1.0,0.46875,0.53125
3.4,1.1e-07,0.00697151,128,0.539062,1.0,0.539062,0.460938
3.5,1e-08,0.00065515,128,0.796875,1.0,0.796875,0.203125
3.6,1e-08,0.00052543,128,0.820312,1.0,0.820312,0.179688
3.7,1e-08,0.00039571,128,0.851562,1.0,0.851562,0.148438
3.8,0.0,0.00026599,128,0.890625,1.0,0.890625,0.109375
3.9,0.0,0.00013627,128,0.960938,1.0,0.960938,0.039062
4.0,0.0,6.55e-06,128,1.0,1.0,1.0,0.0
4.1,0.0,5.9e-06,128,1.0,1.0,1.0,0.0
4.2,0.0,5.24e-06,128,1.0,1.0,1.0,0.0
4.3,0.0,4.59e-06,128,1.0,1.0,1.0,0.0
4.4,0.0,3.93e-06,128,1.0,1.0,1.0,0.0
4.5,0.0,3.28e-06,128,1.0,1.0,1.0,0.0
4.6,0.0,2.62e-06,128,1.0,1.0,1.0,0.0
4.7,0.0,1.97e-06,128,1.0,1.0,1.0,0.0
4.8,0.0,1.31e-06,128,1.0,1.0,1.0,0.0
4.9,0.0,6.6e-07,128,1.0,1.0,1.0,0.0
5.0,0.0,0.0,128,1.0,1.0,1.0,0.0
-1.0,0.2,1.0,256,0.003906,0.175781,0.003906,0.171875
-0.9,0.19,1.0,256,0.003906,0.179688,0.003906,0.175781
-0.8,0.18,1.0,256,0.003906,0.1875,0.003906,0.183594
-0.7,0.17,1.0,256,0.003906,0.195312,0.003906,0.191406
-0.6,0.16,1.0,256,0.003906,0.199219,0.003906,0.195312
-0.5,0.15,1.0,256,0.003906,0.207031,0.003906,0.203125
-0.4,0.14,1.0,256,0.003906,0.214844,0.003906,0.210938
-0.3,0.13,1.0,256,0.003906,0.222656,0.003906,0.21875
-0.2,0.12,1.0,256,0.003906,0.230469,0.003906,0.226562
-0.1,0.11,1.0,256,0.003906,0.242188,0.003906,0.238281
-0.0,0.1,1.0,256,0.003906,0.25,0.003906,0.246094
0.1,0.09,1.0,256,0.003906,0.261719,0.003906,0.257812
0.2,0.08,1.0,256,0.003906,0.273438,0.003906,0.269531
0.3,0.07,1.0,256,0.003906,0.289062,0.003906,0.285156
0.4,0.06,1.0,256,0.003906,0.304688,0.003906,0.300781
0.5,0.05,1.0,256,0.003906,0.324219,0.003906,0.320312
0.6,0.042,1.0,256,0.003906,0.34375,0.003906,0.339844
0.7,0.034,1.0,256,0.003906,0.367188,0.003906,0.363281
0.8,0.026,1.0,256,0.003906,0.398438,0.003906,0.394531
0.9,0.018,1.0,256,0.003906,0.4375,0.003906,0.433594
1.0,0.01,1.0,256,0.003906,0.5,0.003906,0.496094
1.1,0.0084,1.0,256,0.003906,0.519531,0.003906,0.515625
1.2,0.0068,1.0,256,0.003906,0.542969,0.003906,0.539062
1.3,0.0052,1.0,256,0.003906,0.570312,0.003906,0.566406
1.4,0.0036,1.0,256,0.003906,0.609375,0.003906,0.605469
1.5,0.002,1.0,256,0.003906,0.675781,0.003906,0.671875
1.6,0.00166,1.0,256,0.003906,0.695312,0.003906,0.691406
1.7,0.00132,1.0,256,0.003906,0.71875,0.003906,0.714844
1.8,0.00098,1.0,256,0.003906,0.75,0.003906,0.746094
1.9,0.00064,1.0,256,0.003906,0.796875,0.003906,0.792969
2.0,0.0003,1.0,256,0.003906,0.878906,0.003906,0.875
2.1,0.000244,0.94607553,256,0.007812,0.902344,0.007812,0.894531
2.2,0.000188,0.89215107,256,0.015625,0.929688,0.015625,0.914062
2.3,0.000132,0.83822661,256,0.019531,0.96875,0.019531,0.949219
2.4,7.6e-05,0.78430214,256,0.027344,1.0,0.027344,0.972656
2.5,2e-05,0.73037768,256,0.035156,1.0,0.035156,0.964844
2.6,1.61e-05,0.59074953,256,0.058594,1.0,0.058594,0.941406
2.7,1.22e-05,0.45112139,256,0.089844,1.0,0.089844,0.910156
2.8,8.3e-06,0.31149324,256,0.128906,1.0,0.128906,0.871094
2.9,4.4e-06,0.1718651,256,0.191406,1.0,0.191406,0.808594
3.0,5e-07,0.03223695,256,0.375,1.0,0.375,0.625
3.1,4e-07,0.02592059,256,0.398438,1.0,0.398438,0.601562
3.2,3e-07,0.01960423,256,0.425781,1.0,0.425781,0.574219
3.3,2.1e-07,0.01328787,256,0.46875,1.0,0.46875,0.53125
3.4,1.1e-07,0.00697151,256,0.539062,1.0,0.539062,0.460938
3.5,1e-08,0.00065515,256,0.792969,1.0,0.792969,0.207031
3.6,1e-08,0.00052543,256,0.820312,1.0,0.820312,0.179688
3.7,1e-08,0.00039571,256,0.847656,1.0,0.847656,0.152344
3.8,0.0,0.00026599,256,0.890625,1.0,0.890625,0.109375
3.9,0.0,0.00013627,256,0.964844,1.0,0.964844,0.035156
4.0,0.0,6.55e-06,256,1.0,1.0,1.0,0.0
4.1,0.0,5.9e-06,256,1.0,1.0,1.0,0.0
4.2,0.0,5.24e-06,256,1.0,1.0,1.0,0.0
4.3,0.0,4.59e-06,256,1.0,1.0,1.0,0.0
4.4,0.0,3.93e-06,256,1.0,1.0,1.0,0.0
4.5,0.0,3.28e-06,256,1.0,1.0,1.0,0.0
4.6,0.0,2.62e-06,256,1.0,1.0,1.0,0.0
4.7,0.0,1.97e-06,256,1.0,1.0,1.0,0.0
4.8,0.0,1.31e-06,256,1.0,1.0,1.0,0.0
4.9,0.0,6.6e-07,256,1.0,1.0,1.0,0.0
5.0,0.0,0.0,256,1.0,1.0,1.0,0.0
