beta,tau,tv_mean,tv_max,perm_mean,perm_max,gap,incompleteness_mean,incompleteness_max,auth_gap_width
0.44,0.0,0.223061,0.333843,REFUSE,REFUSE,0,0.223061,0.333843,0.110782
0.44,0.0025,0.223061,0.333843,REFUSE,REFUSE,0,0.220549,0.331331,0.110782
0.44,0.005,0.223061,0.333843,REFUSE,REFUSE,0,0.218036,0.328818,0.110782
0.44,0.0075,0.223061,0.333843,REFUSE,REFUSE,0,0.215524,0.326306,0.110782
0.44,0.0101,0.223061,0.333843,REFUSE,REFUSE,0,0.213011,0.323793,0.110782
0.44,0.0126,0.223061,0.333843,REFUSE,REFUSE,0,0.210498,0.32128,0.110782
0.44,0.0151,0.223061,0.333843,REFUSE,REFUSE,0,0.207986,0.318768,0.110782
0.44,0.0176,0.223061,0.333843,REFUSE,REFUSE,0,0.205473,0.316255,0.110782
0.44,0.0201,0.223061,0.333843,REFUSE,REFUSE,0,0.202961,0.313743,0.110782
0.44,0.0226,0.223061,0.333843,REFUSE,REFUSE,0,0.200448,0.31123,0.110782
0.44,0.0251,0.223061,0.333843,REFUSE,REFUSE,0,0.197936,0.308718,0.110782
0.44,0.0276,0.223061,0.333843,REFUSE,REFUSE,0,0.195423,0.306205,0.110782
0.44,0.0302,0.223061,0.333843,REFUSE,REFUSE,0,0.19291,0.303693,0.110782
0.44,0.0327,0.223061,0.333843,REFUSE,REFUSE,0,0.190398,0.30118,0.110782
0.44,0.0352,0.223061,0.333843,REFUSE,REFUSE,0,0.187885,0.298667,0.110782
0.44,0.0377,0.223061,0.333843,REFUSE,REFUSE,0,0.185373,0.296155,0.110782
0.44,0.0402,0.223061,0.333843,REFUSE,REFUSE,0,0.18286,0.293642,0.110782
0.44,0.0427,0.223061,0.333843,REFUSE,REFUSE,0,0.180348,0.29113,0.110782
0.44,0.0452,0.223061,0.333843,REFUSE,REFUSE,0,0.177835,0.288617,0.110782
0.44,0.0477,0.223061,0.333843,REFUSE,REFUSE,0,0.175323,0.286105,0.110782
0.44,0.0503,0.223061,0.333843,REFUSE,REFUSE,0,0.17281,0.283592,0.110782
0.44,0.0528,0.223061,0.333843,REFUSE,REFUSE,0,0.170297,0.281079,0.110782
0.44,0.0553,0.223061,0.333843,REFUSE,REFUSE,0,0.167785,0.278567,0.110782
0.44,0.0578,0.223061,0.333843,REFUSE,REFUSE,0,0.165272,0.276054,0.110782
0.44,0.0603,0.223061,0.333843,REFUSE,REFUSE,0,0.16276,0.273542,0.110782
0.44,0.0628,0.223061,0.333843,REFUSE,REFUSE,0,0.160247,0.271029,0.110782
0.44,0.0653,0.223061,0.333843,REFUSE,REFUSE,0,0.157735,0.268517,0.110782
0.44,0.0678,0.223061,0.333843,REFUSE,REFUSE,0,0.155222,0.266004,0.110782
0.44,0.0704,0.223061,0.333843,REFUSE,REFUSE,0,0.152709,0.263492,0.110782
0.44,0.0729,0.223061,0.333843,REFUSE,REFUSE,0,0.150197,0.260979,0.110782
0.44,0.0754,0.223061,0.333843,REFUSE,REFUSE,0,0.147684,0.258466,0.110782
0.44,0.0779,0.223061,0.333843,REFUSE,REFUSE,0,0.145172,0.255954,0.110782
0.44,0.0804,0.223061,0.333843,REFUSE,REFUSE,0,0.142659,0.253441,0.110782
0.44,0.0829,0.223061,0.333843,REFUSE,REFUSE,0,0.140147,0.250929,0.110782
0.44,0.0854,0.223061,0.333843,REFUSE,REFUSE,0,0.137634,0.248416,0.110782
0.44,0.0879,0.223061,0.333843,REFUSE,REFUSE,0,0.135122,0.245904,0.110782
0.44,0.0905,0.223061,0.333843,REFUSE,REFUSE,0,0.132609,0.243391,0.110782
0.44,0.093,0.223061,0.333843,REFUSE,REFUSE,0,0.130096,0.240878,0.110782
0.44,0.0955,0.223061,0.333843,REFUSE,REFUSE,0,0.127584,0.238366,0.110782
0.44,0.098,0.223061,0.333843,REFUSE,REFUSE,0,0.125071,0.235853,0.110782
0.44,0.1005,0.223061,0.333843,REFUSE,REFUSE,0,0.122559,0.233341,0.110782
0.44,0.103,0.223061,0.333843,REFUSE,REFUSE,0,0.120046,0.230828,0.110782
0.44,0.1055,0.223061,0.333843,REFUSE,REFUSE,0,0.117534,0.228316,0.110782
0.44,0.108,0.223061,0.333843,REFUSE,REFUSE,0,0.115021,0.225803,0.110782
0.44,0.1106,0.223061,0.333843,REFUSE,REFUSE,0,0.112508,0.223291,0.110782
0.44,0.1131,0.223061,0.333843,REFUSE,REFUSE,0,0.109996,0.220778,0.110782
0.44,0.1156,0.223061,0.333843,REFUSE,REFUSE,0,0.107483,0.218265,0.110782
0.44,0.1181,0.223061,0.333843,REFUSE,REFUSE,0,0.104971,0.215753,0.110782
0.44,0.1206,0.223061,0.333843,REFUSE,REFUSE,0,0.102458,0.21324,0.110782
0.44,0.1231,0.223061,0.333843,REFUSE,REFUSE,0,0.099946,0.210728,0.110782
0.44,0.1256,0.223061,0.333843,REFUSE,REFUSE,0,0.097433,0.208215,0.110782
0.44,0.1281,0.223061,0.333843,REFUSE,REFUSE,0,0.094921,0.205703,0.110782
0.44,0.1307,0.223061,0.333843,REFUSE,REFUSE,0,0.092408,0.20319,0.110782
0.44,0.1332,0.223061,0.333843,REFUSE,REFUSE,0,0.089895,0.200677,0.110782
0.44,0.1357,0.223061,0.333843,REFUSE,REFUSE,0,0.087383,0.198165,0.110782
0.44,0.1382,0.223061,0.333843,REFUSE,REFUSE,0,0.08487,0.195652,0.110782
0.44,0.1407,0.223061,0.333843,REFUSE,REFUSE,0,0.082358,0.19314,0.110782
0.44,0.1432,0.223061,0.333843,REFUSE,REFUSE,0,0.079845,0.190627,0.110782
0.44,0.1457,0.223061,0.333843,REFUSE,REFUSE,0,0.077333,0.188115,0.110782
0.44,0.1482,0.223061,0.333843,REFUSE,REFUSE,0,0.07482,0.185602,0.110782
0.44,0.1508,0.223061,0.333843,REFUSE,REFUSE,0,0.072307,0.18309,0.110782
0.44,0.1533,0.223061,0.333843,REFUSE,REFUSE,0,0.069795,0.180577,0.110782
0.44,0.1558,0.223061,0.333843,REFUSE,REFUSE,0,0.067282,0.178064,0.110782
0.44,0.1583,0.223061,0.333843,REFUSE,REFUSE,0,0.06477,0.175552,0.110782
0.44,0.1608,0.223061,0.333843,REFUSE,REFUSE,0,0.062257,0.173039,0.110782
0.44,0.1633,0.223061,0.333843,REFUSE,REFUSE,0,0.059745,0.170527,0.110782
0.44,0.1658,0.223061,0.333843,REFUSE,REFUSE,0,0.057232,0.168014,0.110782
0.44,0.1683,0.223061,0.333843,REFUSE,REFUSE,0,0.05472,0.165502,0.110782
0.44,0.1709,0.223061,0.333843,REFUSE,REFUSE,0,0.052207,0.162989,0.110782
0.44,0.1734,0.223061,0.333843,REFUSE,REFUSE,0,0.049694,0.160476,0.110782
0.44,0.1759,0.223061,0.333843,REFUSE,REFUSE,0,0.047182,0.157964,0.110782
0.44,0.1784,0.223061,0.333843,REFUSE,REFUSE,0,0.044669,0.155451,0.110782
0.44,0.1809,0.223061,0.333843,REFUSE,REFUSE,0,0.042157,0.152939,0.110782
0.44,0.1834,0.223061,0.333843,REFUSE,REFUSE,0,0.039644,0.150426,0.110782
0.44,0.1859,0.223061,0.333843,REFUSE,REFUSE,0,0.037132,0.147914,0.110782
0.44,0.1884,0.223061,0.333843,REFUSE,REFUSE,0,0.034619,0.145401,0.110782
0.44,0.191,0.223061,0.333843,REFUSE,REFUSE,0,0.032106,0.142888,0.110782
0.44,0.1935,0.223061,0.333843,REFUSE,REFUSE,0,0.029594,0.140376,0.110782
0.44,0.196,0.223061,0.333843,REFUSE,REFUSE,0,0.027081,0.137863,0.110782
0.44,0.1985,0.223061,0.333843,REFUSE,REFUSE,0,0.024569,0.135351,0.110782
0.44,0.201,0.223061,0.333843,REFUSE,REFUSE,0,0.022056,0.132838,0.110782
0.44,0.2035,0.223061,0.333843,REFUSE,REFUSE,0,0.019544,0.130326,0.110782
0.44,0.206,0.223061,0.333843,REFUSE,REFUSE,0,0.017031,0.127813,0.110782
0.44,0.2085,0.223061,0.333843,REFUSE,REFUSE,0,0.014519,0.125301,0.110782
0.44,0.2111,0.223061,0.333843,REFUSE,REFUSE,0,0.012006,0.122788,0.110782
0.44,0.2136,0.223061,0.333843,REFUSE,REFUSE,0,0.009493,0.120275,0.110782
0.44,0.2161,0.223061,0.333843,REFUSE,REFUSE,0,0.006981,0.117763,0.110782
0.44,0.2186,0.223061,0.333843,REFUSE,REFUSE,0,0.004468,0.11525,0.110782
0.44,0.2211,0.223061,0.333843,REFUSE,REFUSE,0,0.001956,0.112738,0.110782
0.44,0.2236,0.223061,0.333843,ACT,REFUSE,1,0.0,0.110225,0.110782
0.44,0.2261,0.223061,0.333843,ACT,REFUSE,1,0.0,0.107713,0.110782
0.44,0.2286,0.223061,0.333843,ACT,REFUSE,1,0.0,0.1052,0.110782
0.44,0.2312,0.223061,0.333843,ACT,REFUSE,1,0.0,0.102687,0.110782
0.44,0.2337,0.223061,0.333843,ACT,REFUSE,1,0.0,0.100175,0.110782
0.44,0.2362,0.223061,0.333843,ACT,REFUSE,1,0.0,0.097662,0.110782
0.44,0.2387,0.223061,0.333843,ACT,REFUSE,1,0.0,0.09515,0.110782
0.44,0.2412,0.223061,0.333843,ACT,REFUSE,1,0.0,0.092637,0.110782
0.44,0.2437,0.223061,0.333843,ACT,REFUSE,1,0.0,0.090125,0.110782
0.44,0.2462,0.223061,0.333843,ACT,REFUSE,1,0.0,0.087612,0.110782
0.44,0.2487,0.223061,0.333843,ACT,REFUSE,1,0.0,0.0851,0.110782
0.44,0.2513,0.223061,0.333843,ACT,REFUSE,1,0.0,0.082587,0.110782
0.44,0.2538,0.223061,0.333843,ACT,REFUSE,1,0.0,0.080074,0.110782
0.44,0.2563,0.223061,0.333843,ACT,REFUSE,1,0.0,0.077562,0.110782
0.44,0.2588,0.223061,0.333843,ACT,REFUSE,1,0.0,0.075049,0.110782
0.44,0.2613,0.223061,0.333843,ACT,REFUSE,1,0.0,0.072537,0.110782
0.44,0.2638,0.223061,0.333843,ACT,REFUSE,1,0.0,0.070024,0.110782
0.44,0.2663,0.223061,0.333843,ACT,REFUSE,1,0.0,0.067512,0.110782
0.44,0.2688,0.223061,0.333843,ACT,REFUSE,1,0.0,0.064999,0.110782
0.44,0.2714,0.223061,0.333843,ACT,REFUSE,1,0.0,0.062486,0.110782
0.44,0.2739,0.223061,0.333843,ACT,REFUSE,1,0.0,0.059974,0.110782
0.44,0.2764,0.223061,0.333843,ACT,REFUSE,1,0.0,0.057461,0.110782
0.44,0.2789,0.223061,0.333843,ACT,REFUSE,1,0.0,0.054949,0.110782
0.44,0.2814,0.223061,0.333843,ACT,REFUSE,1,0.0,0.052436,0.110782
0.44,0.2839,0.223061,0.333843,ACT,REFUSE,1,0.0,0.049924,0.110782
0.44,0.2864,0.223061,0.333843,ACT,REFUSE,1,0.0,0.047411,0.110782
0.44,0.2889,0.223061,0.333843,ACT,REFUSE,1,0.0,0.044899,0.110782
0.44,0.2915,0.223061,0.333843,ACT,REFUSE,1,0.0,0.042386,0.110782
0.44,0.294,0.223061,0.333843,ACT,REFUSE,1,0.0,0.039873,0.110782
0.44,0.2965,0.223061,0.333843,ACT,REFUSE,1,0.0,0.037361,0.110782
0.44,0.299,0.223061,0.333843,ACT,REFUSE,1,0.0,0.034848,0.110782
0.44,0.3015,0.223061,0.333843,ACT,REFUSE,1,0.0,0.032336,0.110782
0.44,0.304,0.223061,0.333843,ACT,REFUSE,1,0.0,0.029823,0.110782
0.44,0.3065,0.223061,0.333843,ACT,REFUSE,1,0.0,0.027311,0.110782
0.44,0.309,0.223061,0.333843,ACT,REFUSE,1,0.0,0.024798,0.110782
0.44,0.3116,0.223061,0.333843,ACT,REFUSE,1,0.0,0.022285,0.110782
0.44,0.3141,0.223061,0.333843,ACT,REFUSE,1,0.0,0.019773,0.110782
0.44,0.3166,0.223061,0.333843,ACT,REFUSE,1,0.0,0.01726,0.110782
0.44,0.3191,0.223061,0.333843,ACT,REFUSE,1,0.0,0.014748,0.110782
0.44,0.3216,0.223061,0.333843,ACT,REFUSE,1,0.0,0.012235,0.110782
0.44,0.3241,0.223061,0.333843,ACT,REFUSE,1,0.0,0.009723,0.110782
0.44,0.3266,0.223061,0.333843,ACT,REFUSE,1,0.0,0.00721,0.110782
0.44,0.3291,0.223061,0.333843,ACT,REFUSE,1,0.0,0.004698,0.110782
0.44,0.3317,0.223061,0.333843,ACT,REFUSE,1,0.0,0.002185,0.110782
0.44,0.3342,0.223061,0.333843,ACT,ACT,0,0.0,0.0,0.110782
0.44,0.3367,0.223061,0.333843,ACT,ACT,0,0.0,0.0,0.110782
0.44,0.3392,0.223061,0.333843,ACT,ACT,0,0.0,0.0,0.110782
0.44,0.3417,0.223061,0.333843,ACT,ACT,0,0.0,0.0,0.110782
0.44,0.3442,0.223061,0.333843,ACT,ACT,0,0.0,0.0,0.110782
0.44,0.3467,0.223061,0.333843,ACT,ACT,0,0.0,0.0,0.110782
0.44,0.3492,0.223061,0.333843,ACT,ACT,0,0.0,0.0,0.110782
0.44,0.3518,0.223061,0.333843,ACT,ACT,0,0.0,0.0,0.110782
0.44,0.3543,0.223061,0.333843,ACT,ACT,0,0.0,0.0,0.110782
0.44,0.3568,0.223061,0.333843,ACT,ACT,0,0.0,0.0,0.110782
0.44,0.3593,0.223061,0.333843,ACT,ACT,0,0.0,0.0,0.110782
0.44,0.3618,0.223061,0.333843,ACT,ACT,0,0.0,0.0,0.110782
0.44,0.3643,0.223061,0.333843,ACT,ACT,0,0.0,0.0,0.110782
0.44,0.3668,0.223061,0.333843,ACT,ACT,0,0.0,0.0,0.110782
0.44,0.3693,0.223061,0.333843,ACT,ACT,0,0.0,0.0,0.110782
0.44,0.3719,0.223061,0.333843,ACT,ACT,0,0.0,0.0,0.110782
0.44,0.3744,0.223061,0.333843,ACT,ACT,0,0.0,0.0,0.110782
0.44,0.3769,0.223061,0.333843,ACT,ACT,0,0.0,0.0,0.110782
0.44,0.3794,0.223061,0.333843,ACT,ACT,0,0.0,0.0,0.110782
0.44,0.3819,0.223061,0.333843,ACT,ACT,0,0.0,0.0,0.110782
0.44,0.3844,0.223061,0.333843,ACT,ACT,0,0.0,0.0,0.110782
0.44,0.3869,0.223061,0.333843,ACT,ACT,0,0.0,0.0,0.110782
0.44,0.3894,0.223061,0.333843,ACT,ACT,0,0.0,0.0,0.110782
0.44,0.392,0.223061,0.333843,ACT,ACT,0,0.0,0.0,0.110782
0.44,0.3945,0.223061,0.333843,ACT,ACT,0,0.0,0.0,0.110782
0.44,0.397,0.223061,0.333843,ACT,ACT,0,0.0,0.0,0.110782
0.44,0.3995,0.223061,0.333843,ACT,ACT,0,0.0,0.0,0.110782
0.44,0.402,0.223061,0.333843,ACT,ACT,0,0.0,0.0,0.110782
0.44,0.4045,0.223061,0.333843,ACT,ACT,0,0.0,0.0,0.110782
0.44,0.407,0.223061,0.333843,ACT,ACT,0,0.0,0.0,0.110782
0.44,0.4095,0.223061,0.333843,ACT,ACT,0,0.0,0.0,0.110782
0.44,0.4121,0.223061,0.333843,ACT,ACT,0,0.0,0.0,0.110782
0.44,0.4146,0.223061,0.333843,ACT,ACT,0,0.0,0.0,0.110782
0.44,0.4171,0.223061,0.333843,ACT,ACT,0,0.0,0.0,0.110782
0.44,0.4196,0.223061,0.333843,ACT,ACT,0,0.0,0.0,0.110782
0.44,0.4221,0.223061,0.333843,ACT,ACT,0,0.0,0.0,0.110782
0.44,0.4246,0.223061,0.333843,ACT,ACT,0,0.0,0.0,0.110782
0.44,0.4271,0.223061,0.333843,ACT,ACT,0,0.0,0.0,0.110782
0.44,0.4296,0.223061,0.333843,ACT,ACT,0,0.0,0.0,0.110782
0.44,0.4322,0.223061,0.333843,ACT,ACT,0,0.0,0.0,0.110782
0.44,0.4347,0.223061,0.333843,ACT,ACT,0,0.0,0.0,0.110782
0.44,0.4372,0.223061,0.333843,ACT,ACT,0,0.0,0.0,0.110782
0.44,0.4397,0.223061,0.333843,ACT,ACT,0,0.0,0.0,0.110782
0.44,0.4422,0.223061,0.333843,ACT,ACT,0,0.0,0.0,0.110782
0.44,0.4447,0.223061,0.333843,ACT,ACT,0,0.0,0.0,0.110782
0.44,0.4472,0.223061,0.333843,ACT,ACT,0,0.0,0.0,0.110782
0.44,0.4497,0.223061,0.333843,ACT,ACT,0,0.0,0.0,0.110782
0.44,0.4523,0.223061,0.333843,ACT,ACT,0,0.0,0.0,0.110782
0.44,0.4548,0.223061,0.333843,ACT,ACT,0,0.0,0.0,0.110782
0.44,0.4573,0.223061,0.333843,ACT,ACT,0,0.0,0.0,0.110782
0.44,0.4598,0.223061,0.333843,ACT,ACT,0,0.0,0.0,0.110782
0.44,0.4623,0.223061,0.333843,ACT,ACT,0,0.0,0.0,0.110782
0.44,0.4648,0.223061,0.333843,ACT,ACT,0,0.0,0.0,0.110782
0.44,0.4673,0.223061,0.333843,ACT,ACT,0,0.0,0.0,0.110782
0.44,0.4698,0.223061,0.333843,ACT,ACT,0,0.0,0.0,0.110782
0.44,0.4724,0.223061,0.333843,ACT,ACT,0,0.0,0.0,0.110782
0.44,0.4749,0.223061,0.333843,ACT,ACT,0,0.0,0.0,0.110782
0.44,0.4774,0.223061,0.333843,ACT,ACT,0,0.0,0.0,0.110782
0.44,0.4799,0.223061,0.333843,ACT,ACT,0,0.0,0.0,0.110782
0.44,0.4824,0.223061,0.333843,ACT,ACT,0,0.0,0.0,0.110782
0.44,0.4849,0.223061,0.333843,ACT,ACT,0,0.0,0.0,0.110782
0.44,0.4874,0.223061,0.333843,ACT,ACT,0,0.0,0.0,0.110782
0.44,0.4899,0.223061,0.333843,ACT,ACT,0,0.0,0.0,0.110782
0.44,0.4925,0.223061,0.333843,ACT,ACT,0,0.0,0.0,0.110782
0.44,0.495,0.223061,0.333843,ACT,ACT,0,0.0,0.0,0.110782
0.44,0.4975,0.223061,0.333843,ACT,ACT,0,0.0,0.0,0.110782
0.44,0.5,0.223061,0.333843,ACT,ACT,0,0.0,0.0,0.110782
