fiber,t_min_bin,regime,pheno_band,n_worlds,p_hat,heterogeneity_std_L,c_over_l_bar,L_bar,A_e,cost_loss,DRO,pin_t_min,pin_L_real,pin_phenology,pin_regime,divergence_cl_acts_Ae_doesnt
"(-3.0, 'radiative', 'hardy')",-3.0,radiative,hardy,1374,0.4058,0.0383,0.05,2.0,REV,AEX,REV,-3.16,0.0006,dormant,radiative,1
"(-3.0, 'radiative', 'hardy')",-3.0,radiative,hardy,1374,0.4058,0.0383,0.1,1.0,REV,AEX,REV,-3.16,0.0006,dormant,radiative,1
"(-3.0, 'radiative', 'hardy')",-3.0,radiative,hardy,1374,0.4058,0.0383,0.2,0.5,REV,AEX,REV,-3.16,0.0006,dormant,radiative,1
"(-3.0, 'radiative', 'hardy')",-3.0,radiative,hardy,1374,0.4058,0.0383,0.5,0.2,REV,REV,REV,-3.16,0.0006,dormant,radiative,0
"(0.0, 'advective', 'vulnerable')",0.0,advective,vulnerable,1865,0.0242,0.0583,0.05,2.0,REV,REV,REV,-0.14,0.0,budbreak,advective,0
"(0.0, 'advective', 'vulnerable')",0.0,advective,vulnerable,1865,0.0242,0.0583,0.1,1.0,REV,REV,REV,-0.14,0.0,budbreak,advective,0
"(0.0, 'advective', 'vulnerable')",0.0,advective,vulnerable,1865,0.0242,0.0583,0.2,0.5,REV,REV,REV,-0.14,0.0,budbreak,advective,0
"(0.0, 'advective', 'vulnerable')",0.0,advective,vulnerable,1865,0.0242,0.0583,0.5,0.2,REV,REV,REV,-0.14,0.0,budbreak,advective,0
"(-2.0, 'radiative', 'vulnerable')",-2.0,radiative,vulnerable,2037,0.2069,0.1807,0.05,2.0,REV,AEX,REV,-2.33,0.0,leaf_out,radiative,1
"(-2.0, 'radiative', 'vulnerable')",-2.0,radiative,vulnerable,2037,0.2069,0.1807,0.1,1.0,REV,AEX,REV,-2.33,0.0,leaf_out,radiative,1
"(-2.0, 'radiative', 'vulnerable')",-2.0,radiative,vulnerable,2037,0.2069,0.1807,0.2,0.5,REV,AEX,REV,-2.33,0.0,leaf_out,radiative,1
"(-2.0, 'radiative', 'vulnerable')",-2.0,radiative,vulnerable,2037,0.2069,0.1807,0.5,0.2,REV,REV,REV,-2.33,0.0,leaf_out,radiative,0
"(1.0, 'advective', 'vulnerable')",1.0,advective,vulnerable,1488,0.0052,0.0234,0.05,2.0,REV,REV,REV,0.18,0.0,budbreak,advective,0
"(1.0, 'advective', 'vulnerable')",1.0,advective,vulnerable,1488,0.0052,0.0234,0.1,1.0,REV,REV,REV,0.18,0.0,budbreak,advective,0
"(1.0, 'advective', 'vulnerable')",1.0,advective,vulnerable,1488,0.0052,0.0234,0.2,0.5,REV,REV,REV,0.18,0.0,budbreak,advective,0
"(1.0, 'advective', 'vulnerable')",1.0,advective,vulnerable,1488,0.0052,0.0234,0.5,0.2,REV,REV,REV,0.18,0.0,budbreak,advective,0
"(5.0, 'radiative', 'hardy')",5.0,radiative,hardy,94,0.0,0.0,0.05,2.0,REV,REV,REV,2.29,0.0,dormant,radiative,0
"(5.0, 'radiative', 'hardy')",5.0,radiative,hardy,94,0.0,0.0,0.1,1.0,REV,REV,REV,2.29,0.0,dormant,radiative,0
"(5.0, 'radiative', 'hardy')",5.0,radiative,hardy,94,0.0,0.0,0.2,0.5,REV,REV,REV,2.29,0.0,dormant,radiative,0
"(5.0, 'radiative', 'hardy')",5.0,radiative,hardy,94,0.0,0.0,0.5,0.2,REV,REV,REV,2.29,0.0,dormant,radiative,0
"(-2.0, 'radiative', 'hardy')",-2.0,radiative,hardy,1717,0.2069,0.0152,0.05,2.0,REV,AEX,REV,-3.28,0.027,swollen,radiative,1
"(-2.0, 'radiative', 'hardy')",-2.0,radiative,hardy,1717,0.2069,0.0152,0.1,1.0,REV,AEX,REV,-3.28,0.027,swollen,radiative,1
"(-2.0, 'radiative', 'hardy')",-2.0,radiative,hardy,1717,0.2069,0.0152,0.2,0.5,REV,AEX,REV,-3.28,0.027,swollen,radiative,1
"(-2.0, 'radiative', 'hardy')",-2.0,radiative,hardy,1717,0.2069,0.0152,0.5,0.2,REV,REV,REV,-3.28,0.027,swollen,radiative,0
"(-3.0, 'advective', 'vulnerable')",-3.0,advective,vulnerable,1318,0.4055,0.1644,0.05,2.0,REV,AEX,REV,-2.04,0.0,budbreak,advective,1
"(-3.0, 'advective', 'vulnerable')",-3.0,advective,vulnerable,1318,0.4055,0.1644,0.1,1.0,REV,AEX,REV,-2.04,0.0,budbreak,advective,1
"(-3.0, 'advective', 'vulnerable')",-3.0,advective,vulnerable,1318,0.4055,0.1644,0.2,0.5,REV,AEX,REV,-2.04,0.0,budbreak,advective,1
"(-3.0, 'advective', 'vulnerable')",-3.0,advective,vulnerable,1318,0.4055,0.1644,0.5,0.2,REV,REV,REV,-2.04,0.0,budbreak,advective,0
"(-1.0, 'advective', 'vulnerable')",-1.0,advective,vulnerable,1968,0.0816,0.095,0.05,2.0,REV,AEX,REV,-1.33,0.0,budbreak,advective,1
"(-1.0, 'advective', 'vulnerable')",-1.0,advective,vulnerable,1968,0.0816,0.095,0.1,1.0,REV,REV,REV,-1.33,0.0,budbreak,advective,0
"(-1.0, 'advective', 'vulnerable')",-1.0,advective,vulnerable,1968,0.0816,0.095,0.2,0.5,REV,REV,REV,-1.33,0.0,budbreak,advective,0
"(-1.0, 'advective', 'vulnerable')",-1.0,advective,vulnerable,1968,0.0816,0.095,0.5,0.2,REV,REV,REV,-1.33,0.0,budbreak,advective,0
"(3.0, 'radiative', 'hardy')",3.0,radiative,hardy,544,0.0001,0.0,0.05,2.0,REV,REV,REV,1.94,0.0,dormant,radiative,0
"(3.0, 'radiative', 'hardy')",3.0,radiative,hardy,544,0.0001,0.0,0.1,1.0,REV,REV,REV,1.94,0.0,dormant,radiative,0
"(3.0, 'radiative', 'hardy')",3.0,radiative,hardy,544,0.0001,0.0,0.2,0.5,REV,REV,REV,1.94,0.0,dormant,radiative,0
"(3.0, 'radiative', 'hardy')",3.0,radiative,hardy,544,0.0001,0.0,0.5,0.2,REV,REV,REV,1.94,0.0,dormant,radiative,0
"(-4.0, 'radiative', 'vulnerable')",-4.0,radiative,vulnerable,1106,0.6369,0.268,0.05,2.0,REV,AEX,REV,-2.44,0.0,leaf_out,radiative,1
"(-4.0, 'radiative', 'vulnerable')",-4.0,radiative,vulnerable,1106,0.6369,0.268,0.1,1.0,REV,AEX,REV,-2.44,0.0,leaf_out,radiative,1
"(-4.0, 'radiative', 'vulnerable')",-4.0,radiative,vulnerable,1106,0.6369,0.268,0.2,0.5,REV,AEX,REV,-2.44,0.0,leaf_out,radiative,1
"(-4.0, 'radiative', 'vulnerable')",-4.0,radiative,vulnerable,1106,0.6369,0.268,0.5,0.2,REV,AEX,REV,-2.44,0.0,leaf_out,radiative,1
"(-8.0, 'radiative', 'hardy')",-8.0,radiative,hardy,81,0.9966,0.2995,0.05,2.0,REV,AEX,REV,-5.98,0.0312,dormant,radiative,1
"(-8.0, 'radiative', 'hardy')",-8.0,radiative,hardy,81,0.9966,0.2995,0.1,1.0,REV,AEX,REV,-5.98,0.0312,dormant,radiative,1
"(-8.0, 'radiative', 'hardy')",-8.0,radiative,hardy,81,0.9966,0.2995,0.2,0.5,REV,AEX,REV,-5.98,0.0312,dormant,radiative,1
"(-8.0, 'radiative', 'hardy')",-8.0,radiative,hardy,81,0.9966,0.2995,0.5,0.2,REV,AEX,REV,-5.98,0.0312,dormant,radiative,1
"(-4.0, 'radiative', 'hardy')",-4.0,radiative,hardy,965,0.6365,0.0527,0.05,2.0,REV,AEX,REV,-2.79,0.026,swollen,radiative,1
"(-4.0, 'radiative', 'hardy')",-4.0,radiative,hardy,965,0.6365,0.0527,0.1,1.0,REV,AEX,REV,-2.79,0.026,swollen,radiative,1
"(-4.0, 'radiative', 'hardy')",-4.0,radiative,hardy,965,0.6365,0.0527,0.2,0.5,REV,AEX,REV,-2.79,0.026,swollen,radiative,1
"(-4.0, 'radiative', 'hardy')",-4.0,radiative,hardy,965,0.6365,0.0527,0.5,0.2,REV,AEX,REV,-2.79,0.026,swollen,radiative,1
"(-5.0, 'advective', 'vulnerable')",-5.0,advective,vulnerable,590,0.8247,0.173,0.05,2.0,REV,AEX,REV,-1.66,0.0,budbreak,advective,1
"(-5.0, 'advective', 'vulnerable')",-5.0,advective,vulnerable,590,0.8247,0.173,0.1,1.0,REV,AEX,REV,-1.66,0.0,budbreak,advective,1
"(-5.0, 'advective', 'vulnerable')",-5.0,advective,vulnerable,590,0.8247,0.173,0.2,0.5,REV,AEX,REV,-1.66,0.0,budbreak,advective,1
"(-5.0, 'advective', 'vulnerable')",-5.0,advective,vulnerable,590,0.8247,0.173,0.5,0.2,REV,AEX,REV,-1.66,0.0,budbreak,advective,1
"(2.0, 'radiative', 'hardy')",2.0,radiative,hardy,1001,0.0009,0.0016,0.05,2.0,REV,REV,REV,3.0,0.0,swollen,radiative,0
"(2.0, 'radiative', 'hardy')",2.0,radiative,hardy,1001,0.0009,0.0016,0.1,1.0,REV,REV,REV,3.0,0.0,swollen,radiative,0
"(2.0, 'radiative', 'hardy')",2.0,radiative,hardy,1001,0.0009,0.0016,0.2,0.5,REV,REV,REV,3.0,0.0,swollen,radiative,0
"(2.0, 'radiative', 'hardy')",2.0,radiative,hardy,1001,0.0009,0.0016,0.5,0.2,REV,REV,REV,3.0,0.0,swollen,radiative,0
"(1.0, 'radiative', 'vulnerable')",1.0,radiative,vulnerable,1862,0.0053,0.0312,0.05,2.0,REV,REV,REV,-0.68,0.0,leaf_out,radiative,0
"(1.0, 'radiative', 'vulnerable')",1.0,radiative,vulnerable,1862,0.0053,0.0312,0.1,1.0,REV,REV,REV,-0.68,0.0,leaf_out,radiative,0
"(1.0, 'radiative', 'vulnerable')",1.0,radiative,vulnerable,1862,0.0053,0.0312,0.2,0.5,REV,REV,REV,-0.68,0.0,leaf_out,radiative,0
"(1.0, 'radiative', 'vulnerable')",1.0,radiative,vulnerable,1862,0.0053,0.0312,0.5,0.2,REV,REV,REV,-0.68,0.0,leaf_out,radiative,0
"(-4.0, 'advective', 'vulnerable')",-4.0,advective,vulnerable,972,0.6344,0.1761,0.05,2.0,REV,AEX,REV,-2.27,0.0,budbreak,advective,1
"(-4.0, 'advective', 'vulnerable')",-4.0,advective,vulnerable,972,0.6344,0.1761,0.1,1.0,REV,AEX,REV,-2.27,0.0,budbreak,advective,1
"(-4.0, 'advective', 'vulnerable')",-4.0,advective,vulnerable,972,0.6344,0.1761,0.2,0.5,REV,AEX,REV,-2.27,0.0,budbreak,advective,1
"(-4.0, 'advective', 'vulnerable')",-4.0,advective,vulnerable,972,0.6344,0.1761,0.5,0.2,REV,AEX,REV,-2.27,0.0,budbreak,advective,1
"(-5.0, 'advective', 'hardy')",-5.0,advective,hardy,519,0.8203,0.0138,0.05,2.0,REV,AEX,REV,-4.4,0.0195,swollen,advective,1
"(-5.0, 'advective', 'hardy')",-5.0,advective,hardy,519,0.8203,0.0138,0.1,1.0,REV,AEX,REV,-4.4,0.0195,swollen,advective,1
"(-5.0, 'advective', 'hardy')",-5.0,advective,hardy,519,0.8203,0.0138,0.2,0.5,REV,AEX,REV,-4.4,0.0195,swollen,advective,1
"(-5.0, 'advective', 'hardy')",-5.0,advective,hardy,519,0.8203,0.0138,0.5,0.2,REV,AEX,REV,-4.4,0.0195,swollen,advective,1
"(2.0, 'radiative', 'vulnerable')",2.0,radiative,vulnerable,1184,0.0008,0.0115,0.05,2.0,REV,REV,REV,0.58,0.0,leaf_out,radiative,0
"(2.0, 'radiative', 'vulnerable')",2.0,radiative,vulnerable,1184,0.0008,0.0115,0.1,1.0,REV,REV,REV,0.58,0.0,leaf_out,radiative,0
"(2.0, 'radiative', 'vulnerable')",2.0,radiative,vulnerable,1184,0.0008,0.0115,0.2,0.5,REV,REV,REV,0.58,0.0,leaf_out,radiative,0
"(2.0, 'radiative', 'vulnerable')",2.0,radiative,vulnerable,1184,0.0008,0.0115,0.5,0.2,REV,REV,REV,0.58,0.0,leaf_out,radiative,0
"(4.0, 'radiative', 'hardy')",4.0,radiative,hardy,274,0.0,0.0,0.05,2.0,REV,REV,REV,1.67,0.0,swollen,radiative,0
"(4.0, 'radiative', 'hardy')",4.0,radiative,hardy,274,0.0,0.0,0.1,1.0,REV,REV,REV,1.67,0.0,swollen,radiative,0
"(4.0, 'radiative', 'hardy')",4.0,radiative,hardy,274,0.0,0.0,0.2,0.5,REV,REV,REV,1.67,0.0,swollen,radiative,0
"(4.0, 'radiative', 'hardy')",4.0,radiative,hardy,274,0.0,0.0,0.5,0.2,REV,REV,REV,1.67,0.0,swollen,radiative,0
"(1.0, 'radiative', 'hardy')",1.0,radiative,hardy,1469,0.0053,0.0023,0.05,2.0,REV,REV,REV,-1.19,0.0,swollen,radiative,0
"(1.0, 'radiative', 'hardy')",1.0,radiative,hardy,1469,0.0053,0.0023,0.1,1.0,REV,REV,REV,-1.19,0.0,swollen,radiative,0
"(1.0, 'radiative', 'hardy')",1.0,radiative,hardy,1469,0.0053,0.0023,0.2,0.5,REV,REV,REV,-1.19,0.0,swollen,radiative,0
"(1.0, 'radiative', 'hardy')",1.0,radiative,hardy,1469,0.0053,0.0023,0.5,0.2,REV,REV,REV,-1.19,0.0,swollen,radiative,0
"(0.0, 'radiative', 'vulnerable')",0.0,radiative,vulnerable,2190,0.024,0.0743,0.05,2.0,REV,REV,REV,-1.15,0.0,leaf_out,radiative,0
"(0.0, 'radiative', 'vulnerable')",0.0,radiative,vulnerable,2190,0.024,0.0743,0.1,1.0,REV,REV,REV,-1.15,0.0,leaf_out,radiative,0
"(0.0, 'radiative', 'vulnerable')",0.0,radiative,vulnerable,2190,0.024,0.0743,0.2,0.5,REV,REV,REV,-1.15,0.0,leaf_out,radiative,0
"(0.0, 'radiative', 'vulnerable')",0.0,radiative,vulnerable,2190,0.024,0.0743,0.5,0.2,REV,REV,REV,-1.15,0.0,leaf_out,radiative,0
"(-1.0, 'advective', 'hardy')",-1.0,advective,hardy,1552,0.0813,0.0043,0.05,2.0,REV,AEX,REV,-2.31,0.0,swollen,advective,1
"(-1.0, 'advective', 'hardy')",-1.0,advective,hardy,1552,0.0813,0.0043,0.1,1.0,REV,REV,REV,-2.31,0.0,swollen,advective,0
"(-1.0, 'advective', 'hardy')",-1.0,advective,hardy,1552,0.0813,0.0043,0.2,0.5,REV,REV,REV,-2.31,0.0,swollen,advective,0
"(-1.0, 'advective', 'hardy')",-1.0,advective,hardy,1552,0.0813,0.0043,0.5,0.2,REV,REV,REV,-2.31,0.0,swollen,advective,0
"(-7.0, 'radiative', 'vulnerable')",-7.0,radiative,vulnerable,200,0.9823,0.2417,0.05,2.0,REV,AEX,REV,-2.41,0.0,budbreak,radiative,1
"(-7.0, 'radiative', 'vulnerable')",-7.0,radiative,vulnerable,200,0.9823,0.2417,0.1,1.0,REV,AEX,REV,-2.41,0.0,budbreak,radiative,1
"(-7.0, 'radiative', 'vulnerable')",-7.0,radiative,vulnerable,200,0.9823,0.2417,0.2,0.5,REV,AEX,REV,-2.41,0.0,budbreak,radiative,1
"(-7.0, 'radiative', 'vulnerable')",-7.0,radiative,vulnerable,200,0.9823,0.2417,0.5,0.2,REV,AEX,REV,-2.41,0.0,budbreak,radiative,1
"(-7.0, 'advective', 'hardy')",-7.0,advective,hardy,140,0.9825,0.0151,0.05,2.0,REV,AEX,REV,-3.38,0.0003,dormant,advective,1
"(-7.0, 'advective', 'hardy')",-7.0,advective,hardy,140,0.9825,0.0151,0.1,1.0,REV,AEX,REV,-3.38,0.0003,dormant,advective,1
"(-7.0, 'advective', 'hardy')",-7.0,advective,hardy,140,0.9825,0.0151,0.2,0.5,REV,AEX,REV,-3.38,0.0003,dormant,advective,1
"(-7.0, 'advective', 'hardy')",-7.0,advective,hardy,140,0.9825,0.0151,0.5,0.2,REV,AEX,REV,-3.38,0.0003,dormant,advective,1
"(-6.0, 'advective', 'hardy')",-6.0,advective,hardy,278,0.9331,0.0162,0.05,2.0,REV,AEX,REV,-4.33,0.0005,dormant,advective,1
"(-6.0, 'advective', 'hardy')",-6.0,advective,hardy,278,0.9331,0.0162,0.1,1.0,REV,AEX,REV,-4.33,0.0005,dormant,advective,1
"(-6.0, 'advective', 'hardy')",-6.0,advective,hardy,278,0.9331,0.0162,0.2,0.5,REV,AEX,REV,-4.33,0.0005,dormant,advective,1
"(-6.0, 'advective', 'hardy')",-6.0,advective,hardy,278,0.9331,0.0162,0.5,0.2,REV,AEX,REV,-4.33,0.0005,dormant,advective,1
"(-4.0, 'advective', 'hardy')",-4.0,advective,hardy,753,0.6324,0.0112,0.05,2.0,REV,AEX,REV,-3.21,0.0004,dormant,advective,1
"(-4.0, 'advective', 'hardy')",-4.0,advective,hardy,753,0.6324,0.0112,0.1,1.0,REV,AEX,REV,-3.21,0.0004,dormant,advective,1
"(-4.0, 'advective', 'hardy')",-4.0,advective,hardy,753,0.6324,0.0112,0.2,0.5,REV,AEX,REV,-3.21,0.0004,dormant,advective,1
"(-4.0, 'advective', 'hardy')",-4.0,advective,hardy,753,0.6324,0.0112,0.5,0.2,REV,AEX,REV,-3.21,0.0004,dormant,advective,1
"(-2.0, 'advective', 'hardy')",-2.0,advective,hardy,1396,0.2061,0.0068,0.05,2.0,REV,AEX,REV,-4.84,0.0004,dormant,advective,1
"(-2.0, 'advective', 'hardy')",-2.0,advective,hardy,1396,0.2061,0.0068,0.1,1.0,REV,AEX,REV,-4.84,0.0004,dormant,advective,1
"(-2.0, 'advective', 'hardy')",-2.0,advective,hardy,1396,0.2061,0.0068,0.2,0.5,REV,AEX,REV,-4.84,0.0004,dormant,advective,1
"(-2.0, 'advective', 'hardy')",-2.0,advective,hardy,1396,0.2061,0.0068,0.5,0.2,REV,REV,REV,-4.84,0.0004,dormant,advective,0
"(0.0, 'advective', 'hardy')",0.0,advective,hardy,1495,0.0244,0.0029,0.05,2.0,REV,REV,REV,0.67,0.0,swollen,advective,0
"(0.0, 'advective', 'hardy')",0.0,advective,hardy,1495,0.0244,0.0029,0.1,1.0,REV,REV,REV,0.67,0.0,swollen,advective,0
"(0.0, 'advective', 'hardy')",0.0,advective,hardy,1495,0.0244,0.0029,0.2,0.5,REV,REV,REV,0.67,0.0,swollen,advective,0
"(0.0, 'advective', 'hardy')",0.0,advective,hardy,1495,0.0244,0.0029,0.5,0.2,REV,REV,REV,0.67,0.0,swollen,advective,0
"(-1.0, 'radiative', 'vulnerable')",-1.0,radiative,vulnerable,2313,0.0822,0.1168,0.05,2.0,REV,AEX,REV,-1.95,0.0,budbreak,radiative,1
"(-1.0, 'radiative', 'vulnerable')",-1.0,radiative,vulnerable,2313,0.0822,0.1168,0.1,1.0,REV,REV,REV,-1.95,0.0,budbreak,radiative,0
"(-1.0, 'radiative', 'vulnerable')",-1.0,radiative,vulnerable,2313,0.0822,0.1168,0.2,0.5,REV,REV,REV,-1.95,0.0,budbreak,radiative,0
"(-1.0, 'radiative', 'vulnerable')",-1.0,radiative,vulnerable,2313,0.0822,0.1168,0.5,0.2,REV,REV,REV,-1.95,0.0,budbreak,radiative,0
"(-5.0, 'radiative', 'vulnerable')",-5.0,radiative,vulnerable,716,0.8221,0.2783,0.05,2.0,REV,AEX,REV,-1.8,0.0,budbreak,radiative,1
"(-5.0, 'radiative', 'vulnerable')",-5.0,radiative,vulnerable,716,0.8221,0.2783,0.1,1.0,REV,AEX,REV,-1.8,0.0,budbreak,radiative,1
"(-5.0, 'radiative', 'vulnerable')",-5.0,radiative,vulnerable,716,0.8221,0.2783,0.2,0.5,REV,AEX,REV,-1.8,0.0,budbreak,radiative,1
"(-5.0, 'radiative', 'vulnerable')",-5.0,radiative,vulnerable,716,0.8221,0.2783,0.5,0.2,REV,AEX,REV,-1.8,0.0,budbreak,radiative,1
"(3.0, 'advective', 'hardy')",3.0,advective,hardy,424,0.0001,0.0009,0.05,2.0,REV,REV,REV,2.81,0.0,dormant,advective,0
"(3.0, 'advective', 'hardy')",3.0,advective,hardy,424,0.0001,0.0009,0.1,1.0,REV,REV,REV,2.81,0.0,dormant,advective,0
"(3.0, 'advective', 'hardy')",3.0,advective,hardy,424,0.0001,0.0009,0.2,0.5,REV,REV,REV,2.81,0.0,dormant,advective,0
"(3.0, 'advective', 'hardy')",3.0,advective,hardy,424,0.0001,0.0009,0.5,0.2,REV,REV,REV,2.81,0.0,dormant,advective,0
"(2.0, 'advective', 'vulnerable')",2.0,advective,vulnerable,978,0.0008,0.0059,0.05,2.0,REV,REV,REV,1.28,0.0,budbreak,advective,0
"(2.0, 'advective', 'vulnerable')",2.0,advective,vulnerable,978,0.0008,0.0059,0.1,1.0,REV,REV,REV,1.28,0.0,budbreak,advective,0
"(2.0, 'advective', 'vulnerable')",2.0,advective,vulnerable,978,0.0008,0.0059,0.2,0.5,REV,REV,REV,1.28,0.0,budbreak,advective,0
"(2.0, 'advective', 'vulnerable')",2.0,advective,vulnerable,978,0.0008,0.0059,0.5,0.2,REV,REV,REV,1.28,0.0,budbreak,advective,0
"(1.0, 'advective', 'hardy')",1.0,advective,hardy,1228,0.0052,0.0009,0.05,2.0,REV,REV,REV,0.77,0.0,swollen,advective,0
"(1.0, 'advective', 'hardy')",1.0,advective,hardy,1228,0.0052,0.0009,0.1,1.0,REV,REV,REV,0.77,0.0,swollen,advective,0
"(1.0, 'advective', 'hardy')",1.0,advective,hardy,1228,0.0052,0.0009,0.2,0.5,REV,REV,REV,0.77,0.0,swollen,advective,0
"(1.0, 'advective', 'hardy')",1.0,advective,hardy,1228,0.0052,0.0009,0.5,0.2,REV,REV,REV,0.77,0.0,swollen,advective,0
"(-3.0, 'advective', 'hardy')",-3.0,advective,hardy,1080,0.4064,0.0094,0.05,2.0,REV,AEX,REV,-3.87,0.0004,dormant,advective,1
"(-3.0, 'advective', 'hardy')",-3.0,advective,hardy,1080,0.4064,0.0094,0.1,1.0,REV,AEX,REV,-3.87,0.0004,dormant,advective,1
"(-3.0, 'advective', 'hardy')",-3.0,advective,hardy,1080,0.4064,0.0094,0.2,0.5,REV,AEX,REV,-3.87,0.0004,dormant,advective,1
"(-3.0, 'advective', 'hardy')",-3.0,advective,hardy,1080,0.4064,0.0094,0.5,0.2,REV,REV,REV,-3.87,0.0004,dormant,advective,0
"(3.0, 'radiative', 'vulnerable')",3.0,radiative,vulnerable,631,0.0001,0.0185,0.05,2.0,REV,REV,REV,-0.77,0.0,leaf_out,radiative,0
"(3.0, 'radiative', 'vulnerable')",3.0,radiative,vulnerable,631,0.0001,0.0185,0.1,1.0,REV,REV,REV,-0.77,0.0,leaf_out,radiative,0
"(3.0, 'radiative', 'vulnerable')",3.0,radiative,vulnerable,631,0.0001,0.0185,0.2,0.5,REV,REV,REV,-0.77,0.0,leaf_out,radiative,0
"(3.0, 'radiative', 'vulnerable')",3.0,radiative,vulnerable,631,0.0001,0.0185,0.5,0.2,REV,REV,REV,-0.77,0.0,leaf_out,radiative,0
"(-2.0, 'advective', 'vulnerable')",-2.0,advective,vulnerable,1722,0.2059,0.1372,0.05,2.0,REV,AEX,REV,-1.69,0.0,budbreak,advective,1
"(-2.0, 'advective', 'vulnerable')",-2.0,advective,vulnerable,1722,0.2059,0.1372,0.1,1.0,REV,AEX,REV,-1.69,0.0,budbreak,advective,1
"(-2.0, 'advective', 'vulnerable')",-2.0,advective,vulnerable,1722,0.2059,0.1372,0.2,0.5,REV,AEX,REV,-1.69,0.0,budbreak,advective,1
"(-2.0, 'advective', 'vulnerable')",-2.0,advective,vulnerable,1722,0.2059,0.1372,0.5,0.2,REV,REV,REV,-1.69,0.0,budbreak,advective,0
"(4.0, 'radiative', 'vulnerable')",4.0,radiative,vulnerable,306,0.0,0.0,0.05,2.0,REV,REV,REV,2.38,0.0,leaf_out,radiative,0
"(4.0, 'radiative', 'vulnerable')",4.0,radiative,vulnerable,306,0.0,0.0,0.1,1.0,REV,REV,REV,2.38,0.0,leaf_out,radiative,0
"(4.0, 'radiative', 'vulnerable')",4.0,radiative,vulnerable,306,0.0,0.0,0.2,0.5,REV,REV,REV,2.38,0.0,leaf_out,radiative,0
"(4.0, 'radiative', 'vulnerable')",4.0,radiative,vulnerable,306,0.0,0.0,0.5,0.2,REV,REV,REV,2.38,0.0,leaf_out,radiative,0
"(-5.0, 'radiative', 'hardy')",-5.0,radiative,hardy,606,0.8234,0.0896,0.05,2.0,REV,AEX,REV,-2.59,0.0193,swollen,radiative,1
"(-5.0, 'radiative', 'hardy')",-5.0,radiative,hardy,606,0.8234,0.0896,0.1,1.0,REV,AEX,REV,-2.59,0.0193,swollen,radiative,1
"(-5.0, 'radiative', 'hardy')",-5.0,radiative,hardy,606,0.8234,0.0896,0.2,0.5,REV,AEX,REV,-2.59,0.0193,swollen,radiative,1
"(-5.0, 'radiative', 'hardy')",-5.0,radiative,hardy,606,0.8234,0.0896,0.5,0.2,REV,AEX,REV,-2.59,0.0193,swollen,radiative,1
"(-3.0, 'radiative', 'vulnerable')",-3.0,radiative,vulnerable,1606,0.4037,0.2302,0.05,2.0,REV,AEX,REV,-2.4,0.0,leaf_out,radiative,1
"(-3.0, 'radiative', 'vulnerable')",-3.0,radiative,vulnerable,1606,0.4037,0.2302,0.1,1.0,REV,AEX,REV,-2.4,0.0,leaf_out,radiative,1
"(-3.0, 'radiative', 'vulnerable')",-3.0,radiative,vulnerable,1606,0.4037,0.2302,0.2,0.5,REV,AEX,REV,-2.4,0.0,leaf_out,radiative,1
"(-3.0, 'radiative', 'vulnerable')",-3.0,radiative,vulnerable,1606,0.4037,0.2302,0.5,0.2,REV,REV,REV,-2.4,0.0,leaf_out,radiative,0
"(0.0, 'radiative', 'hardy')",0.0,radiative,hardy,1885,0.0239,0.004,0.05,2.0,REV,REV,REV,-0.91,0.0,swollen,radiative,0
"(0.0, 'radiative', 'hardy')",0.0,radiative,hardy,1885,0.0239,0.004,0.1,1.0,REV,REV,REV,-0.91,0.0,swollen,radiative,0
"(0.0, 'radiative', 'hardy')",0.0,radiative,hardy,1885,0.0239,0.004,0.2,0.5,REV,REV,REV,-0.91,0.0,swollen,radiative,0
"(0.0, 'radiative', 'hardy')",0.0,radiative,hardy,1885,0.0239,0.004,0.5,0.2,REV,REV,REV,-0.91,0.0,swollen,radiative,0
"(-6.0, 'advective', 'vulnerable')",-6.0,advective,vulnerable,331,0.9357,0.1499,0.05,2.0,REV,AEX,REV,-1.83,0.0,leaf_out,advective,1
"(-6.0, 'advective', 'vulnerable')",-6.0,advective,vulnerable,331,0.9357,0.1499,0.1,1.0,REV,AEX,REV,-1.83,0.0,leaf_out,advective,1
"(-6.0, 'advective', 'vulnerable')",-6.0,advective,vulnerable,331,0.9357,0.1499,0.2,0.5,REV,AEX,REV,-1.83,0.0,leaf_out,advective,1
"(-6.0, 'advective', 'vulnerable')",-6.0,advective,vulnerable,331,0.9357,0.1499,0.5,0.2,REV,AEX,REV,-1.83,0.0,leaf_out,advective,1
"(2.0, 'advective', 'hardy')",2.0,advective,hardy,824,0.0008,0.0009,0.05,2.0,REV,REV,REV,3.3,0.0,dormant,advective,0
"(2.0, 'advective', 'hardy')",2.0,advective,hardy,824,0.0008,0.0009,0.1,1.0,REV,REV,REV,3.3,0.0,dormant,advective,0
"(2.0, 'advective', 'hardy')",2.0,advective,hardy,824,0.0008,0.0009,0.2,0.5,REV,REV,REV,3.3,0.0,dormant,advective,0
"(2.0, 'advective', 'hardy')",2.0,advective,hardy,824,0.0008,0.0009,0.5,0.2,REV,REV,REV,3.3,0.0,dormant,advective,0
"(3.0, 'advective', 'vulnerable')",3.0,advective,vulnerable,576,0.0001,0.0,0.05,2.0,REV,REV,REV,0.75,0.0,budbreak,advective,0
"(3.0, 'advective', 'vulnerable')",3.0,advective,vulnerable,576,0.0001,0.0,0.1,1.0,REV,REV,REV,0.75,0.0,budbreak,advective,0
"(3.0, 'advective', 'vulnerable')",3.0,advective,vulnerable,576,0.0001,0.0,0.2,0.5,REV,REV,REV,0.75,0.0,budbreak,advective,0
"(3.0, 'advective', 'vulnerable')",3.0,advective,vulnerable,576,0.0001,0.0,0.5,0.2,REV,REV,REV,0.75,0.0,budbreak,advective,0
"(4.0, 'advective', 'hardy')",4.0,advective,hardy,213,0.0,0.0,0.05,2.0,REV,REV,REV,3.38,0.0,swollen,advective,0
"(4.0, 'advective', 'hardy')",4.0,advective,hardy,213,0.0,0.0,0.1,1.0,REV,REV,REV,3.38,0.0,swollen,advective,0
"(4.0, 'advective', 'hardy')",4.0,advective,hardy,213,0.0,0.0,0.2,0.5,REV,REV,REV,3.38,0.0,swollen,advective,0
"(4.0, 'advective', 'hardy')",4.0,advective,hardy,213,0.0,0.0,0.5,0.2,REV,REV,REV,3.38,0.0,swollen,advective,0
"(-6.0, 'radiative', 'vulnerable')",-6.0,radiative,vulnerable,390,0.9357,0.2508,0.05,2.0,REV,AEX,REV,-2.44,0.0,budbreak,radiative,1
"(-6.0, 'radiative', 'vulnerable')",-6.0,radiative,vulnerable,390,0.9357,0.2508,0.1,1.0,REV,AEX,REV,-2.44,0.0,budbreak,radiative,1
"(-6.0, 'radiative', 'vulnerable')",-6.0,radiative,vulnerable,390,0.9357,0.2508,0.2,0.5,REV,AEX,REV,-2.44,0.0,budbreak,radiative,1
"(-6.0, 'radiative', 'vulnerable')",-6.0,radiative,vulnerable,390,0.9357,0.2508,0.5,0.2,REV,AEX,REV,-2.44,0.0,budbreak,radiative,1
"(-6.0, 'radiative', 'hardy')",-6.0,radiative,hardy,288,0.9364,0.0963,0.05,2.0,REV,AEX,REV,-4.39,0.0006,dormant,radiative,1
"(-6.0, 'radiative', 'hardy')",-6.0,radiative,hardy,288,0.9364,0.0963,0.1,1.0,REV,AEX,REV,-4.39,0.0006,dormant,radiative,1
"(-6.0, 'radiative', 'hardy')",-6.0,radiative,hardy,288,0.9364,0.0963,0.2,0.5,REV,AEX,REV,-4.39,0.0006,dormant,radiative,1
"(-6.0, 'radiative', 'hardy')",-6.0,radiative,hardy,288,0.9364,0.0963,0.5,0.2,REV,AEX,REV,-4.39,0.0006,dormant,radiative,1
"(-1.0, 'radiative', 'hardy')",-1.0,radiative,hardy,2000,0.0813,0.0081,0.05,2.0,REV,AEX,REV,-0.08,0.0,dormant,radiative,1
"(-1.0, 'radiative', 'hardy')",-1.0,radiative,hardy,2000,0.0813,0.0081,0.1,1.0,REV,REV,REV,-0.08,0.0,dormant,radiative,0
"(-1.0, 'radiative', 'hardy')",-1.0,radiative,hardy,2000,0.0813,0.0081,0.2,0.5,REV,REV,REV,-0.08,0.0,dormant,radiative,0
"(-1.0, 'radiative', 'hardy')",-1.0,radiative,hardy,2000,0.0813,0.0081,0.5,0.2,REV,REV,REV,-0.08,0.0,dormant,radiative,0
"(5.0, 'advective', 'vulnerable')",5.0,advective,vulnerable,86,0.0,0.0,0.05,2.0,REV,REV,REV,3.48,0.0,budbreak,advective,0
"(5.0, 'advective', 'vulnerable')",5.0,advective,vulnerable,86,0.0,0.0,0.1,1.0,REV,REV,REV,3.48,0.0,budbreak,advective,0
"(5.0, 'advective', 'vulnerable')",5.0,advective,vulnerable,86,0.0,0.0,0.2,0.5,REV,REV,REV,3.48,0.0,budbreak,advective,0
"(5.0, 'advective', 'vulnerable')",5.0,advective,vulnerable,86,0.0,0.0,0.5,0.2,REV,REV,REV,3.48,0.0,budbreak,advective,0
"(4.0, 'advective', 'vulnerable')",4.0,advective,vulnerable,237,0.0,0.0,0.05,2.0,REV,REV,REV,2.17,0.0,leaf_out,advective,0
"(4.0, 'advective', 'vulnerable')",4.0,advective,vulnerable,237,0.0,0.0,0.1,1.0,REV,REV,REV,2.17,0.0,leaf_out,advective,0
"(4.0, 'advective', 'vulnerable')",4.0,advective,vulnerable,237,0.0,0.0,0.2,0.5,REV,REV,REV,2.17,0.0,leaf_out,advective,0
"(4.0, 'advective', 'vulnerable')",4.0,advective,vulnerable,237,0.0,0.0,0.5,0.2,REV,REV,REV,2.17,0.0,leaf_out,advective,0
"(-7.0, 'radiative', 'hardy')",-7.0,radiative,hardy,165,0.9819,0.1813,0.05,2.0,REV,AEX,REV,-7.86,0.0052,dormant,radiative,1
"(-7.0, 'radiative', 'hardy')",-7.0,radiative,hardy,165,0.9819,0.1813,0.1,1.0,REV,AEX,REV,-7.86,0.0052,dormant,radiative,1
"(-7.0, 'radiative', 'hardy')",-7.0,radiative,hardy,165,0.9819,0.1813,0.2,0.5,REV,AEX,REV,-7.86,0.0052,dormant,radiative,1
"(-7.0, 'radiative', 'hardy')",-7.0,radiative,hardy,165,0.9819,0.1813,0.5,0.2,REV,AEX,REV,-7.86,0.0052,dormant,radiative,1
"(-8.0, 'advective', 'vulnerable')",-8.0,advective,vulnerable,90,0.9965,0.1575,0.05,2.0,AEX,AEX,AEX,-6.1,0.2439,budbreak,advective,0
"(-8.0, 'advective', 'vulnerable')",-8.0,advective,vulnerable,90,0.9965,0.1575,0.1,1.0,AEX,AEX,AEX,-6.1,0.2439,budbreak,advective,0
"(-8.0, 'advective', 'vulnerable')",-8.0,advective,vulnerable,90,0.9965,0.1575,0.2,0.5,AEX,AEX,AEX,-6.1,0.2439,budbreak,advective,0
"(-8.0, 'advective', 'vulnerable')",-8.0,advective,vulnerable,90,0.9965,0.1575,0.5,0.2,AEX,AEX,AEX,-6.1,0.2439,budbreak,advective,0
"(-8.0, 'radiative', 'vulnerable')",-8.0,radiative,vulnerable,105,0.9965,0.2301,0.05,2.0,AEX,AEX,AEX,-3.28,0.2387,budbreak,radiative,0
"(-8.0, 'radiative', 'vulnerable')",-8.0,radiative,vulnerable,105,0.9965,0.2301,0.1,1.0,AEX,AEX,AEX,-3.28,0.2387,budbreak,radiative,0
"(-8.0, 'radiative', 'vulnerable')",-8.0,radiative,vulnerable,105,0.9965,0.2301,0.2,0.5,AEX,AEX,AEX,-3.28,0.2387,budbreak,radiative,0
"(-8.0, 'radiative', 'vulnerable')",-8.0,radiative,vulnerable,105,0.9965,0.2301,0.5,0.2,AEX,AEX,AEX,-3.28,0.2387,budbreak,radiative,0
"(-7.0, 'advective', 'vulnerable')",-7.0,advective,vulnerable,199,0.9819,0.1338,0.05,2.0,REV,AEX,REV,-2.25,0.0,budbreak,advective,1
"(-7.0, 'advective', 'vulnerable')",-7.0,advective,vulnerable,199,0.9819,0.1338,0.1,1.0,REV,AEX,REV,-2.25,0.0,budbreak,advective,1
"(-7.0, 'advective', 'vulnerable')",-7.0,advective,vulnerable,199,0.9819,0.1338,0.2,0.5,REV,AEX,REV,-2.25,0.0,budbreak,advective,1
"(-7.0, 'advective', 'vulnerable')",-7.0,advective,vulnerable,199,0.9819,0.1338,0.5,0.2,REV,AEX,REV,-2.25,0.0,budbreak,advective,1
"(5.0, 'advective', 'hardy')",5.0,advective,hardy,69,0.0,0.0,0.05,2.0,REV,REV,REV,1.33,0.0,swollen,advective,0
"(5.0, 'advective', 'hardy')",5.0,advective,hardy,69,0.0,0.0,0.1,1.0,REV,REV,REV,1.33,0.0,swollen,advective,0
"(5.0, 'advective', 'hardy')",5.0,advective,hardy,69,0.0,0.0,0.2,0.5,REV,REV,REV,1.33,0.0,swollen,advective,0
"(5.0, 'advective', 'hardy')",5.0,advective,hardy,69,0.0,0.0,0.5,0.2,REV,REV,REV,1.33,0.0,swollen,advective,0
"(-8.0, 'advective', 'hardy')",-8.0,advective,hardy,67,0.9961,0.0296,0.05,2.0,REV,AEX,REV,-6.84,0.0197,swollen,advective,1
"(-8.0, 'advective', 'hardy')",-8.0,advective,hardy,67,0.9961,0.0296,0.1,1.0,REV,AEX,REV,-6.84,0.0197,swollen,advective,1
"(-8.0, 'advective', 'hardy')",-8.0,advective,hardy,67,0.9961,0.0296,0.2,0.5,REV,AEX,REV,-6.84,0.0197,swollen,advective,1
"(-8.0, 'advective', 'hardy')",-8.0,advective,hardy,67,0.9961,0.0296,0.5,0.2,REV,AEX,REV,-6.84,0.0197,swollen,advective,1
"(5.0, 'radiative', 'vulnerable')",5.0,radiative,vulnerable,103,0.0,0.0,0.05,2.0,REV,REV,REV,3.49,0.0,budbreak,radiative,0
"(5.0, 'radiative', 'vulnerable')",5.0,radiative,vulnerable,103,0.0,0.0,0.1,1.0,REV,REV,REV,3.49,0.0,budbreak,radiative,0
"(5.0, 'radiative', 'vulnerable')",5.0,radiative,vulnerable,103,0.0,0.0,0.2,0.5,REV,REV,REV,3.49,0.0,budbreak,radiative,0
"(5.0, 'radiative', 'vulnerable')",5.0,radiative,vulnerable,103,0.0,0.0,0.5,0.2,REV,REV,REV,3.49,0.0,budbreak,radiative,0
